city,date,hour,day,is_weekend,temp,rain_1h,clouds_all,weather_main,holiday,road_condition,traffic_signal_delay,vehicle_count,avg_speed,congestion_level
Jaipur,2025-10-24,23,Friday,0,17.6,4.6,6,Thunderstorm,0,Moderate,87,122,64,Low
Patna,2025-09-12,23,Friday,0,34.8,15.9,36,Fog,1,Good,109,38,68,Low
Samastipur,2025-10-04,8,Saturday,1,18.7,16.8,10,Clear,1,Good,41,347,53,Medium
Samastipur,2025-01-13,3,Monday,0,12.5,12.9,2,Thunderstorm,1,Moderate,74,20,72,Low
Samastipur,2025-10-14,15,Tuesday,0,35.2,17.7,63,Fog,1,Poor,77,218,59,Low
Jaipur,2025-10-23,10,Thursday,0,30.2,8.1,43,Clear,0,Poor,27,764,28,High
Samastipur,2025-05-09,16,Friday,0,13.7,18.5,62,Rain,1,Moderate,40,367,52,Medium
Samastipur,2025-02-05,8,Wednesday,0,16.1,19.9,20,Clouds,1,Moderate,109,732,22,High
Samastipur,2025-04-03,22,Thursday,0,36.5,6.0,30,Clear,1,Good,65,110,67,Low
Kolkata,2025-11-15,18,Saturday,1,30.3,3.0,60,Clouds,0,Moderate,13,712,32,High
Samastipur,2025-04-16,10,Wednesday,0,18.4,6.0,70,Thunderstorm,1,Good,83,489,40,Medium
Jaipur,2025-03-22,17,Saturday,1,40.1,18.4,100,Clouds,0,Good,34,371,53,Medium
Samastipur,2025-09-30,4,Tuesday,0,14.9,14.4,39,Thunderstorm,1,Good,44,44,74,Low
Kolkata,2025-05-29,16,Thursday,0,27.9,14.3,49,Rain,0,Moderate,21,397,52,Medium
Samastipur,2025-02-11,13,Tuesday,0,26.8,3.0,69,Clear,0,Good,48,203,63,Low
Patna,2025-06-11,12,Wednesday,0,39.7,16.3,10,Rain,0,Good,64,484,42,Medium
Muzaffarpur,2025-02-17,6,Monday,0,34.7,16.9,82,Rain,0,Moderate,13,232,64,Low
Samastipur,2025-12-12,8,Friday,0,37.1,20.8,34,Rain,1,Moderate,104,364,46,Medium
Samastipur,2025-02-24,13,Monday,0,18.9,24.9,74,Thunderstorm,0,Moderate,45,249,60,Low
Patna,2025-08-31,11,Sunday,1,32.8,18.6,78,Clear,1,Moderate,83,180,60,Low
Kolkata,2025-06-28,4,Saturday,1,26.9,16.9,70,Thunderstorm,0,Good,53,101,69,Low
Jaipur,2025-04-15,2,Tuesday,0,23.3,6.7,87,Clear,0,Good,55,92,69,Low
Muzaffarpur,2025-05-08,1,Thursday,0,13.4,11.4,48,Thunderstorm,1,Poor,70,95,67,Low
Jaipur,2025-01-09,10,Thursday,0,36.0,8.5,70,Fog,0,Moderate,50,381,50,Medium
Patna,2025-04-14,10,Monday,0,15.0,0.8,39,Rain,1,Moderate,46,765,25,High
Patna,2025-03-29,17,Saturday,1,32.6,1.4,16,Thunderstorm,1,Good,74,467,42,Medium
Samastipur,2025-12-15,11,Monday,0,14.6,4.9,19,Thunderstorm,1,Poor,100,369,46,Medium
Jaipur,2025-05-23,19,Friday,0,16.8,14.5,25,Thunderstorm,1,Moderate,57,567,38,Medium
Kolkata,2025-10-25,10,Saturday,1,20.1,15.9,14,Fog,1,Good,109,696,24,High
Muzaffarpur,2025-04-11,19,Friday,0,38.0,1.4,98,Thunderstorm,0,Good,115,574,31,Medium
Samastipur,2025-01-21,5,Tuesday,0,39.8,22.2,75,Clouds,0,Good,32,34,75,Low
Kolkata,2025-11-06,18,Thursday,0,38.4,19.7,18,Clear,0,Moderate,66,468,43,Medium
Patna,2025-07-19,18,Saturday,1,35.9,16.6,84,Rain,1,Good,20,787,26,High
Patna,2025-10-24,16,Friday,0,19.5,23.6,18,Clear,1,Moderate,53,352,52,Medium
Muzaffarpur,2025-09-20,14,Saturday,1,40.8,9.7,16,Clear,1,Good,96,182,59,Low
Kolkata,2025-04-24,13,Thursday,0,41.3,0.2,48,Fog,1,Good,32,318,56,Medium
Jaipur,2025-09-25,9,Thursday,0,37.1,19.1,67,Thunderstorm,0,Moderate,70,454,43,Medium
Kolkata,2025-10-30,15,Thursday,0,24.9,12.1,55,Clouds,1,Moderate,76,128,65,Low
Jaipur,2025-03-14,16,Friday,0,23.3,10.5,17,Clear,0,Good,92,246,55,Low
Kolkata,2025-06-07,6,Saturday,1,26.7,23.2,64,Clear,0,Good,38,191,65,Low
Kolkata,2025-10-29,6,Wednesday,0,28.3,17.4,60,Clouds,1,Good,27,94,72,Low
Patna,2025-04-23,22,Wednesday,0,30.2,6.6,7,Thunderstorm,1,Moderate,92,47,68,Low
Samastipur,2025-12-07,18,Sunday,1,16.8,8.4,70,Thunderstorm,0,Good,86,848,16,High
Muzaffarpur,2025-11-19,22,Wednesday,0,41.9,2.8,63,Fog,1,Moderate,76,89,68,Low
Kolkata,2025-02-05,5,Wednesday,0,14.7,18.1,32,Fog,0,Moderate,77,31,71,Low
Kolkata,2025-09-15,3,Monday,0,14.7,17.7,32,Fog,0,Good,94,94,65,Low
Samastipur,2025-06-04,11,Wednesday,0,12.2,23.3,72,Clouds,1,Poor,61,196,61,Low
Jaipur,2025-10-09,0,Thursday,0,33.3,10.2,88,Clear,0,Good,15,114,72,Low
Muzaffarpur,2025-08-02,18,Saturday,1,14.6,13.5,92,Fog,0,Moderate,47,655,33,High
Patna,2025-05-26,5,Monday,0,17.2,12.6,55,Thunderstorm,1,Moderate,49,23,75,Low
Jaipur,2025-12-06,19,Saturday,1,19.1,1.2,5,Thunderstorm,1,Moderate,89,663,28,High
Patna,2025-06-11,9,Wednesday,0,31.7,18.1,84,Fog,0,Good,96,520,37,Medium
Kolkata,2025-07-30,6,Wednesday,0,38.8,5.0,54,Fog,0,Good,74,61,69,Low
Jaipur,2025-08-12,8,Tuesday,0,13.5,25.0,76,Clear,0,Moderate,36,466,46,Medium
Samastipur,2025-07-29,17,Tuesday,0,33.6,4.5,42,Clouds,0,Poor,33,477,46,Medium
Patna,2025-01-04,0,Saturday,1,38.6,4.1,58,Clouds,1,Moderate,11,20,78,Low
Kolkata,2025-04-14,13,Monday,0,36.4,5.6,42,Clouds,0,Moderate,75,180,61,Low
Muzaffarpur,2025-03-13,15,Thursday,0,18.8,2.6,85,Clouds,0,Moderate,65,498,41,Medium
Kolkata,2025-11-07,20,Friday,0,36.4,12.9,2,Thunderstorm,0,Good,33,655,34,High
Muzaffarpur,2025-10-25,0,Saturday,1,23.1,2.5,35,Fog,0,Good,113,45,66,Low
Patna,2025-03-18,14,Tuesday,0,25.3,15.0,47,Rain,0,Good,54,511,41,Medium
Muzaffarpur,2025-12-18,14,Thursday,0,37.4,14.7,26,Clouds,0,Good,65,223,60,Low
Patna,2025-09-22,14,Monday,0,36.5,12.9,64,Thunderstorm,0,Moderate,42,233,61,Low
Patna,2025-03-23,0,Sunday,1,41.5,8.9,75,Thunderstorm,1,Moderate,112,27,68,Low
Jaipur,2025-08-07,21,Thursday,0,14.6,18.7,7,Thunderstorm,1,Moderate,43,484,44,Medium
Jaipur,2025-12-13,4,Saturday,1,25.3,1.8,6,Thunderstorm,0,Good,76,70,69,Low
Kolkata,2025-01-13,13,Monday,0,19.2,17.2,69,Clear,1,Good,87,204,59,Low
Samastipur,2025-12-05,12,Friday,0,28.0,16.5,88,Fog,0,Good,116,463,39,Medium
Muzaffarpur,2025-04-26,23,Saturday,1,13.8,5.4,55,Clouds,0,Moderate,106,50,67,Low
Jaipur,2025-03-17,21,Monday,0,22.6,14.6,89,Fog,0,Good,102,567,33,Medium
Samastipur,2025-11-02,19,Sunday,1,20.5,24.6,3,Rain,1,Good,86,375,47,Medium
Samastipur,2025-03-15,0,Saturday,1,25.8,8.6,28,Fog,0,Moderate,76,173,62,Low
Muzaffarpur,2025-08-04,19,Monday,0,18.0,6.6,0,Fog,1,Moderate,10,558,42,Medium
Jaipur,2025-08-12,19,Tuesday,0,22.9,14.5,49,Fog,0,Moderate,52,818,21,High
Samastipur,2025-02-28,12,Friday,0,38.3,16.4,31,Fog,0,Good,21,254,62,Low
Kolkata,2025-03-19,17,Wednesday,0,25.4,23.3,93,Fog,1,Poor,61,879,16,High
Kolkata,2025-06-10,11,Tuesday,0,31.0,16.2,41,Clouds,0,Good,10,463,49,Medium
Patna,2025-05-18,1,Sunday,1,26.9,3.3,52,Rain,1,Poor,31,36,75,Low
Samastipur,2025-06-01,9,Sunday,1,33.6,16.3,56,Thunderstorm,1,Good,18,379,54,Medium
Jaipur,2025-07-16,3,Wednesday,0,36.7,2.4,95,Thunderstorm,0,Good,117,80,64,Low
Kolkata,2025-12-27,19,Saturday,1,17.3,10.2,59,Fog,0,Good,52,369,51,Medium
Jaipur,2025-06-09,21,Monday,0,26.5,22.7,7,Fog,0,Poor,77,532,38,Medium
Kolkata,2025-04-05,10,Saturday,1,25.6,23.2,35,Rain,1,Moderate,12,371,55,Medium
Samastipur,2025-07-25,1,Friday,0,37.5,13.6,78,Clear,1,Moderate,88,106,65,Low
Jaipur,2025-08-21,14,Thursday,0,36.1,15.4,35,Fog,0,Good,64,478,43,Medium
Kolkata,2025-12-03,23,Wednesday,0,37.0,12.4,30,Thunderstorm,1,Poor,51,21,74,Low
Samastipur,2025-06-22,7,Sunday,1,35.9,0.0,39,Rain,0,Moderate,25,553,42,Medium
Patna,2025-01-01,4,Wednesday,0,21.1,2.7,64,Clouds,1,Good,86,40,70,Low
Patna,2025-03-16,13,Sunday,1,33.2,10.7,31,Fog,0,Moderate,64,351,51,Medium
Samastipur,2025-10-11,12,Saturday,1,23.5,3.1,5,Thunderstorm,0,Moderate,19,261,62,Low
Muzaffarpur,2025-02-26,4,Wednesday,0,19.8,23.3,22,Thunderstorm,1,Moderate,17,76,74,Low
Patna,2025-03-03,18,Monday,0,31.8,16.8,24,Thunderstorm,1,Good,58,699,29,High
Patna,2025-06-14,23,Saturday,1,30.3,4.5,4,Rain,1,Moderate,88,161,62,Low
Patna,2025-04-29,14,Tuesday,0,16.5,23.3,91,Clouds,0,Moderate,54,159,65,Low
Jaipur,2025-11-06,21,Thursday,0,25.5,17.9,97,Clouds,0,Good,118,570,31,Medium
Patna,2025-10-05,20,Sunday,1,41.9,0.1,52,Thunderstorm,0,Poor,22,421,50,Medium
Muzaffarpur,2025-12-11,5,Thursday,0,28.0,10.5,29,Clear,1,Good,105,20,69,Low
Patna,2025-08-25,5,Monday,0,41.7,21.8,3,Thunderstorm,1,Moderate,62,25,73,Low
Muzaffarpur,2025-06-30,20,Monday,0,24.8,5.0,86,Rain,0,Moderate,119,851,13,High
Jaipur,2025-05-24,22,Saturday,1,27.7,6.3,82,Clouds,0,Moderate,65,168,63,Low
Patna,2025-03-03,12,Monday,0,28.9,23.3,18,Clear,1,Moderate,27,253,62,Low
Kolkata,2025-05-22,19,Thursday,0,19.4,18.0,89,Clouds,0,Moderate,102,378,45,Medium
Muzaffarpur,2025-05-18,19,Sunday,1,26.2,2.3,5,Clear,0,Poor,28,635,36,Medium
Jaipur,2025-04-29,4,Tuesday,0,13.5,16.8,26,Clouds,1,Poor,14,30,77,Low
Muzaffarpur,2025-08-06,19,Wednesday,0,24.0,5.8,1,Clouds,1,Poor,12,572,41,Medium
Samastipur,2025-01-29,4,Wednesday,0,25.0,12.0,93,Fog,0,Moderate,97,129,63,Low
Muzaffarpur,2025-09-23,11,Tuesday,0,25.0,10.3,51,Fog,1,Good,75,408,46,Medium
Patna,2025-02-19,10,Wednesday,0,30.9,17.4,37,Clouds,1,Poor,120,757,18,High
Kolkata,2025-07-23,3,Wednesday,0,39.1,21.6,94,Rain,1,Good,85,249,56,Low
Jaipur,2025-08-06,17,Wednesday,0,16.4,4.9,9,Thunderstorm,1,Good,80,786,20,High
Kolkata,2025-03-07,3,Friday,0,34.3,13.2,32,Rain,0,Poor,49,238,61,Low
Muzaffarpur,2025-06-21,13,Saturday,1,14.8,22.7,95,Rain,0,Good,39,440,48,Medium
Patna,2025-11-09,22,Sunday,1,21.5,8.8,59,Clear,0,Good,60,101,68,Low
Muzaffarpur,2025-01-28,7,Tuesday,0,29.1,22.6,43,Thunderstorm,1,Moderate,68,777,23,High
Kolkata,2025-09-18,16,Thursday,0,39.0,17.0,44,Clouds,1,Poor,104,166,59,Low
Jaipur,2025-07-19,10,Saturday,1,25.9,13.6,40,Clouds,0,Moderate,58,748,26,High
Patna,2025-02-21,12,Friday,0,41.4,5.3,64,Rain,1,Good,56,530,40,Medium
Samastipur,2025-11-27,15,Thursday,0,20.7,7.3,60,Thunderstorm,0,Moderate,40,470,45,Medium
Muzaffarpur,2025-04-20,7,Sunday,1,40.2,5.1,80,Rain,0,Good,116,559,32,Medium
Samastipur,2025-02-07,7,Friday,0,16.1,23.8,48,Fog,1,Good,71,670,29,High
Kolkata,2025-11-27,20,Thursday,0,31.4,2.6,46,Fog,1,Moderate,48,421,48,Medium
Jaipur,2025-04-09,1,Wednesday,0,14.5,5.3,20,Thunderstorm,0,Poor,89,118,65,Low
Jaipur,2025-06-14,14,Saturday,1,12.4,6.4,84,Rain,0,Good,34,498,44,Medium
Muzaffarpur,2025-08-08,3,Friday,0,37.8,3.5,90,Fog,1,Moderate,21,97,72,Low
Kolkata,2025-07-03,12,Thursday,0,41.7,6.3,56,Clouds,1,Good,46,443,47,Medium
Samastipur,2025-11-09,21,Sunday,1,12.4,3.8,24,Thunderstorm,1,Good,16,586,40,Medium
Samastipur,2025-03-27,12,Thursday,0,26.2,21.0,32,Thunderstorm,1,Moderate,88,116,65,Low
Jaipur,2025-06-23,21,Monday,0,21.0,19.3,61,Clear,1,Good,85,707,25,High
Kolkata,2025-06-16,0,Monday,0,29.4,13.0,5,Thunderstorm,0,Poor,17,148,70,Low
Patna,2025-10-19,1,Sunday,1,14.2,13.3,17,Fog,0,Moderate,41,149,67,Low
Jaipur,2025-02-22,7,Saturday,1,38.5,17.0,38,Clear,1,Good,55,334,53,Medium
Jaipur,2025-05-19,17,Monday,0,36.2,14.3,32,Clouds,1,Moderate,78,678,28,High
Patna,2025-09-30,15,Tuesday,0,39.0,1.7,8,Rain,1,Good,13,484,47,Medium
Samastipur,2025-01-05,9,Sunday,1,24.2,23.9,44,Rain,0,Poor,101,728,22,High
Jaipur,2025-01-25,22,Saturday,1,13.7,23.0,55,Thunderstorm,0,Good,103,152,60,Low
Kolkata,2025-02-20,10,Thursday,0,22.4,18.3,71,Rain,0,Good,89,737,23,High
Kolkata,2025-05-27,16,Tuesday,0,42.0,12.1,52,Clear,1,Good,11,324,58,Medium
Jaipur,2025-01-18,2,Saturday,1,27.1,9.9,13,Clouds,0,Moderate,15,44,77,Low
Kolkata,2025-10-12,18,Sunday,1,29.8,23.2,37,Fog,0,Good,38,737,28,High
Patna,2025-03-22,21,Saturday,1,16.9,6.3,81,Fog,1,Moderate,119,541,33,Medium
Kolkata,2025-01-02,20,Thursday,0,33.0,4.1,99,Fog,0,Moderate,19,404,53,Medium
Patna,2025-05-28,13,Wednesday,0,41.6,11.8,44,Fog,1,Good,20,208,65,Low
Patna,2025-04-12,3,Saturday,1,20.1,11.9,8,Clear,1,Poor,95,69,67,Low
Jaipur,2025-08-03,17,Sunday,1,41.5,4.1,31,Clouds,0,Poor,61,704,28,High
Samastipur,2025-10-27,23,Monday,0,28.1,24.7,73,Clouds,0,Good,60,129,66,Low
Kolkata,2025-03-17,9,Monday,0,16.3,14.4,79,Clouds,0,Good,100,659,27,High
Muzaffarpur,2025-10-04,11,Saturday,1,18.9,8.1,84,Fog,1,Moderate,25,152,68,Low
Jaipur,2025-06-11,7,Wednesday,0,36.7,17.0,9,Clouds,0,Moderate,63,400,48,Medium
Patna,2025-11-24,11,Monday,0,30.3,17.4,5,Rain,1,Good,36,293,58,Low
Samastipur,2025-12-03,11,Wednesday,0,34.7,1.1,41,Clouds,0,Good,25,323,57,Medium
Patna,2025-01-06,14,Monday,0,20.6,18.6,0,Clouds,1,Moderate,82,438,43,Medium
Jaipur,2025-01-10,8,Friday,0,14.9,2.7,89,Thunderstorm,1,Good,97,335,49,Medium
Patna,2025-02-17,13,Monday,0,29.2,14.2,79,Fog,1,Good,111,441,40,Medium
Samastipur,2025-04-07,13,Monday,0,30.7,13.6,88,Thunderstorm,0,Good,118,345,46,Medium
Kolkata,2025-01-12,9,Sunday,1,35.3,13.4,79,Clouds,1,Moderate,78,671,29,High
Patna,2025-10-16,17,Thursday,0,34.9,2.4,19,Clouds,1,Good,38,677,32,High
Patna,2025-10-10,20,Friday,0,41.6,19.6,70,Clouds,0,Good,64,626,33,Medium
Kolkata,2025-02-11,18,Tuesday,0,21.2,7.0,70,Clear,0,Moderate,26,627,37,Medium
Kolkata,2025-01-07,10,Tuesday,0,18.2,4.8,35,Clouds,0,Poor,54,595,36,Medium
Patna,2025-08-25,13,Monday,0,20.7,5.4,40,Fog,1,Moderate,100,371,46,Medium
Samastipur,2025-07-05,0,Saturday,1,15.8,14.8,72,Fog,1,Good,119,20,68,Low
Jaipur,2025-02-06,13,Thursday,0,31.6,21.6,72,Thunderstorm,1,Good,12,289,60,Low
Patna,2025-05-02,1,Friday,0,17.0,18.7,35,Thunderstorm,1,Good,34,65,73,Low
Jaipur,2025-03-11,23,Tuesday,0,29.0,0.4,14,Thunderstorm,0,Good,27,141,69,Low
Samastipur,2025-05-19,4,Monday,0,35.0,2.5,67,Clouds,1,Moderate,67,20,73,Low
Samastipur,2025-06-28,9,Saturday,1,12.6,13.6,47,Clouds,0,Moderate,99,797,18,High
Jaipur,2025-08-06,14,Wednesday,0,24.2,1.2,87,Thunderstorm,0,Poor,102,178,59,Low
Kolkata,2025-01-11,18,Saturday,1,31.1,21.2,53,Thunderstorm,1,Poor,16,396,53,Medium
Kolkata,2025-09-17,20,Wednesday,0,27.4,11.5,64,Clear,0,Good,51,505,42,Medium
Kolkata,2025-10-09,12,Thursday,0,38.9,14.4,52,Rain,0,Moderate,43,431,48,Medium
Kolkata,2025-11-07,11,Friday,0,12.2,16.1,61,Rain,1,Good,75,333,51,Medium
Samastipur,2025-04-24,14,Thursday,0,36.3,13.2,94,Rain,1,Good,47,297,57,Low
Kolkata,2025-04-09,9,Wednesday,0,18.6,9.1,98,Rain,0,Moderate,65,799,21,High
Patna,2025-12-12,17,Friday,0,39.9,8.9,80,Thunderstorm,0,Moderate,47,357,53,Medium
Muzaffarpur,2025-11-08,12,Saturday,1,25.3,11.2,87,Fog,1,Poor,34,312,57,Medium
Patna,2025-07-14,9,Monday,0,22.8,9.6,30,Fog,0,Poor,102,774,19,High
Samastipur,2025-06-20,0,Friday,0,24.6,20.1,98,Rain,1,Poor,72,189,61,Low
Muzaffarpur,2025-03-08,0,Saturday,1,32.6,8.1,77,Rain,1,Good,38,269,60,Low
Patna,2025-04-19,20,Saturday,1,31.0,24.7,6,Clouds,0,Good,79,537,38,Medium
Samastipur,2025-01-10,5,Friday,0,24.6,24.5,94,Thunderstorm,0,Poor,96,69,67,Low
Samastipur,2025-05-25,20,Sunday,1,14.7,2.5,100,Rain,0,Good,39,420,49,Medium
Kolkata,2025-08-21,2,Thursday,0,31.0,23.5,36,Clear,0,Good,37,124,69,Low
Jaipur,2025-10-01,17,Wednesday,0,33.4,15.3,88,Clouds,0,Poor,16,405,52,Medium
Kolkata,2025-04-22,19,Tuesday,0,18.1,10.7,78,Clouds,1,Moderate,51,601,35,Medium
Muzaffarpur,2025-02-23,5,Sunday,1,33.1,17.4,21,Thunderstorm,1,Moderate,99,69,67,Low
Patna,2025-09-07,5,Sunday,1,34.5,21.9,97,Thunderstorm,0,Good,15,40,77,Low
Samastipur,2025-11-06,1,Thursday,0,14.5,7.8,24,Clouds,1,Good,49,85,71,Low
Muzaffarpur,2025-05-25,3,Sunday,1,38.7,0.2,80,Clear,1,Moderate,21,20,77,Low
Kolkata,2025-03-23,10,Sunday,1,31.2,11.2,54,Rain,0,Moderate,114,885,10,High
Patna,2025-01-26,10,Sunday,1,26.7,24.8,57,Fog,0,Poor,94,819,17,High
Samastipur,2025-03-29,13,Saturday,1,13.7,11.2,52,Fog,1,Moderate,71,164,63,Low
Jaipur,2025-03-06,17,Thursday,0,27.6,8.1,87,Thunderstorm,1,Good,42,694,30,High
Muzaffarpur,2025-09-09,22,Tuesday,0,26.7,1.8,86,Clouds,0,Good,11,86,74,Low
Patna,2025-12-14,15,Sunday,1,41.2,15.0,12,Clear,0,Moderate,36,268,60,Low
Muzaffarpur,2025-08-27,11,Wednesday,0,34.4,12.7,88,Thunderstorm,0,Moderate,24,483,46,Medium
Muzaffarpur,2025-11-29,6,Saturday,1,16.1,0.9,77,Rain,0,Moderate,54,149,66,Low
Jaipur,2025-05-10,2,Saturday,1,34.5,22.5,89,Thunderstorm,1,Moderate,41,20,75,Low
Muzaffarpur,2025-02-27,3,Thursday,0,34.6,23.8,27,Thunderstorm,0,Good,118,118,62,Low
Jaipur,2025-07-15,20,Tuesday,0,39.9,4.0,38,Clear,1,Good,93,570,33,Medium
Kolkata,2025-06-26,12,Thursday,0,39.7,16.7,93,Clear,0,Good,77,184,61,Low
Samastipur,2025-05-09,16,Friday,0,15.8,2.2,16,Clouds,0,Good,115,369,45,Medium
Patna,2025-10-07,18,Tuesday,0,39.3,10.3,39,Thunderstorm,1,Good,75,754,23,High
Jaipur,2025-05-09,13,Friday,0,21.5,11.2,99,Clear,0,Good,114,467,38,Medium
Patna,2025-04-18,13,Friday,0,28.9,14.6,1,Fog,0,Good,96,348,48,Medium
Muzaffarpur,2025-05-06,1,Tuesday,0,16.4,19.3,96,Fog,1,Good,78,20,72,Low
Patna,2025-07-01,21,Tuesday,0,26.0,4.5,23,Clear,0,Good,76,689,28,High
Kolkata,2025-06-27,23,Friday,0,41.5,16.6,81,Fog,1,Good,89,80,67,Low
Jaipur,2025-06-11,17,Wednesday,0,23.1,4.3,68,Fog,0,Moderate,120,821,14,High
Samastipur,2025-12-06,17,Saturday,1,16.6,22.4,20,Clouds,0,Moderate,108,787,18,High
Patna,2025-08-18,18,Monday,0,35.7,4.5,48,Clouds,0,Good,49,841,20,High
Samastipur,2025-04-09,8,Wednesday,0,34.3,23.5,81,Fog,1,Moderate,109,791,18,High
Samastipur,2025-06-07,4,Saturday,1,36.5,23.7,26,Clear,1,Moderate,49,20,75,Low
Jaipur,2025-05-25,20,Sunday,1,35.2,5.9,29,Rain,1,Poor,30,485,45,Medium
Samastipur,2025-12-13,9,Saturday,1,41.0,18.4,44,Thunderstorm,0,Good,51,741,26,High
Kolkata,2025-10-20,3,Monday,0,41.8,9.8,2,Rain,1,Good,100,81,65,Low
Jaipur,2025-08-01,9,Friday,0,18.0,3.5,23,Thunderstorm,0,Moderate,101,615,29,Medium
Kolkata,2025-08-10,8,Sunday,1,16.2,1.0,50,Clouds,0,Moderate,83,463,42,Medium
Patna,2025-06-28,9,Saturday,1,41.3,19.1,56,Fog,0,Good,95,363,47,Medium
Jaipur,2025-04-07,11,Monday,0,29.8,24.4,77,Clouds,1,Good,82,440,43,Medium
Samastipur,2025-07-07,4,Monday,0,23.0,8.4,61,Clear,1,Good,88,20,71,Low
Jaipur,2025-12-19,10,Friday,0,15.2,17.4,10,Clouds,0,Moderate,61,491,42,Medium
Samastipur,2025-03-30,20,Sunday,1,30.4,5.1,88,Clear,1,Good,43,726,28,High
Kolkata,2025-01-13,20,Monday,0,34.7,15.6,54,Thunderstorm,0,Good,115,508,36,Medium
Samastipur,2025-05-09,14,Friday,0,19.9,22.1,0,Fog,0,Good,114,405,42,Medium
Patna,2025-12-02,16,Tuesday,0,16.1,21.3,55,Clouds,0,Good,83,307,52,Medium
Patna,2025-05-02,13,Friday,0,37.9,23.1,63,Thunderstorm,0,Moderate,66,160,64,Low
Patna,2025-12-14,10,Sunday,1,28.4,16.4,91,Clouds,1,Good,91,796,18,High
Jaipur,2025-03-11,17,Tuesday,0,30.0,6.3,61,Thunderstorm,1,Good,45,329,55,Medium
Samastipur,2025-03-01,9,Saturday,1,30.9,11.2,14,Rain,1,Poor,63,791,22,High
Patna,2025-09-06,18,Saturday,1,37.0,15.4,23,Fog,1,Poor,72,664,29,High
Jaipur,2025-07-04,7,Friday,0,28.5,23.0,79,Fog,0,Moderate,28,718,31,High
Kolkata,2025-07-09,4,Wednesday,0,34.3,6.6,48,Clear,1,Moderate,113,74,65,Low
Jaipur,2025-09-28,9,Sunday,1,29.7,18.6,13,Thunderstorm,0,Moderate,119,669,25,High
Muzaffarpur,2025-11-16,3,Sunday,1,36.3,13.7,14,Thunderstorm,0,Good,39,172,66,Low
Jaipur,2025-07-01,9,Tuesday,0,25.0,21.1,1,Fog,1,Poor,80,775,21,High
Kolkata,2025-02-06,1,Thursday,0,22.0,16.0,60,Fog,0,Good,22,45,75,Low
Muzaffarpur,2025-02-02,15,Sunday,1,33.5,2.4,98,Thunderstorm,0,Poor,92,494,39,Medium
Samastipur,2025-04-28,13,Monday,0,31.6,15.8,38,Rain,1,Moderate,110,396,43,Medium
Samastipur,2025-10-09,21,Thursday,0,24.9,4.3,28,Fog,1,Poor,66,459,44,Medium
Kolkata,2025-01-27,14,Monday,0,19.6,18.7,59,Thunderstorm,0,Poor,61,240,58,Low
Kolkata,2025-03-18,14,Tuesday,0,13.9,13.1,14,Thunderstorm,1,Good,26,377,53,Medium
Muzaffarpur,2025-10-08,18,Wednesday,0,22.9,14.3,10,Clouds,1,Moderate,93,743,22,High
Samastipur,2025-04-22,23,Tuesday,0,26.1,10.6,39,Clear,1,Good,70,26,72,Low
Samastipur,2025-01-15,22,Wednesday,0,28.9,3.7,45,Thunderstorm,0,Good,119,200,56,Low
Samastipur,2025-04-11,5,Friday,0,34.7,14.5,89,Clear,0,Good,20,119,71,Low
Samastipur,2025-03-01,6,Saturday,1,13.1,7.2,80,Clear,1,Good,65,58,71,Low
Patna,2025-12-11,17,Thursday,0,40.7,1.8,0,Clouds,1,Good,57,661,31,High
Patna,2025-11-26,7,Wednesday,0,23.0,4.6,71,Fog,0,Moderate,96,621,30,Medium
Muzaffarpur,2025-07-11,14,Friday,0,20.8,9.9,17,Clouds,0,Poor,66,254,58,Low
Kolkata,2025-06-10,10,Tuesday,0,13.1,12.4,6,Thunderstorm,1,Moderate,24,544,42,Medium
Jaipur,2025-07-16,21,Wednesday,0,31.0,20.5,65,Thunderstorm,0,Poor,95,546,35,Medium
Kolkata,2025-12-12,14,Friday,0,37.4,5.8,83,Clouds,1,Good,26,216,64,Low
Muzaffarpur,2025-10-24,12,Friday,0,14.5,13.5,39,Clear,1,Good,85,139,63,Low
Muzaffarpur,2025-04-20,12,Sunday,1,28.8,14.9,49,Rain,1,Moderate,45,218,62,Low
Muzaffarpur,2025-09-08,18,Monday,0,17.3,24.5,38,Rain,0,Poor,118,937,10,High
Samastipur,2025-06-23,17,Monday,0,41.2,17.8,74,Thunderstorm,1,Good,84,730,24,High
Kolkata,2025-11-26,2,Wednesday,0,16.5,7.5,56,Rain,0,Good,65,188,62,Low
Patna,2025-12-18,12,Thursday,0,29.1,23.9,77,Fog,0,Good,53,321,54,Medium
Kolkata,2025-01-22,11,Wednesday,0,22.4,5.8,68,Clouds,1,Poor,111,254,53,Low
Samastipur,2025-12-23,21,Tuesday,0,22.3,21.6,73,Clouds,1,Moderate,119,785,17,High
Jaipur,2025-08-06,8,Wednesday,0,26.9,20.1,90,Clouds,0,Good,88,362,48,Medium
Muzaffarpur,2025-03-12,0,Wednesday,0,30.9,19.3,17,Rain,1,Poor,34,127,69,Low
Jaipur,2025-09-07,17,Sunday,1,13.0,18.4,23,Thunderstorm,1,Good,112,603,29,Medium
Samastipur,2025-05-30,18,Friday,0,16.3,21.9,0,Clear,1,Good,39,369,53,Medium
Samastipur,2025-09-11,2,Thursday,0,25.7,8.7,29,Fog,1,Poor,82,158,62,Low
Kolkata,2025-10-05,14,Sunday,1,22.1,20.6,71,Clouds,0,Good,57,490,43,Medium
Samastipur,2025-04-25,0,Friday,0,19.2,9.0,66,Clear,1,Good,96,26,70,Low
Patna,2025-11-19,19,Wednesday,0,15.9,6.3,92,Fog,0,Moderate,30,476,46,Medium
Jaipur,2025-02-17,14,Monday,0,26.2,24.8,24,Clear,1,Good,99,411,44,Medium
Muzaffarpur,2025-05-30,8,Friday,0,16.6,12.4,67,Fog,1,Good,30,623,36,Medium
Muzaffarpur,2025-06-14,1,Saturday,1,22.0,8.0,27,Rain,1,Good,120,73,64,Low
Samastipur,2025-07-12,21,Saturday,1,14.1,16.3,44,Rain,1,Good,73,732,25,High
Muzaffarpur,2025-05-19,9,Monday,0,17.2,13.4,74,Thunderstorm,1,Poor,10,438,50,Medium
Muzaffarpur,2025-04-21,12,Monday,0,32.7,20.2,91,Clouds,0,Good,92,212,57,Low
Samastipur,2025-01-28,22,Tuesday,0,35.6,17.9,1,Thunderstorm,1,Poor,26,68,74,Low
Muzaffarpur,2025-04-15,0,Tuesday,0,18.7,0.8,93,Clouds,0,Moderate,67,110,67,Low
Patna,2025-03-30,5,Sunday,1,40.1,19.4,96,Rain,0,Moderate,72,322,52,Medium
Muzaffarpur,2025-03-13,20,Thursday,0,41.1,7.5,38,Fog,1,Moderate,50,490,43,Medium
Muzaffarpur,2025-08-10,15,Sunday,1,41.7,20.3,55,Clouds,0,Moderate,58,153,65,Low
Kolkata,2025-02-15,11,Saturday,1,20.0,12.6,6,Clear,1,Good,79,209,60,Low
Patna,2025-07-17,4,Thursday,0,39.2,20.5,69,Clouds,0,Good,117,177,58,Low
Samastipur,2025-03-16,12,Sunday,1,21.1,19.9,28,Fog,1,Moderate,71,227,58,Low
Patna,2025-06-06,7,Friday,0,22.7,19.4,32,Clear,0,Poor,10,498,46,Medium
Patna,2025-05-06,2,Tuesday,0,22.0,24.9,11,Fog,0,Poor,65,146,65,Low
Patna,2025-07-03,20,Thursday,0,23.2,2.6,7,Thunderstorm,0,Poor,64,350,51,Medium
Samastipur,2025-05-18,5,Sunday,1,20.7,9.7,94,Fog,1,Good,26,124,70,Low
Patna,2025-12-26,7,Friday,0,24.1,7.0,42,Thunderstorm,0,Poor,56,857,18,High
Patna,2025-08-29,11,Friday,0,38.3,18.4,5,Clear,1,Good,46,309,56,Medium
Patna,2025-04-09,19,Wednesday,0,14.2,11.5,13,Fog,1,Good,102,446,41,Medium
Jaipur,2025-02-02,20,Sunday,1,18.8,18.9,38,Clouds,0,Good,118,549,33,Medium
Patna,2025-08-08,18,Friday,0,41.4,3.1,53,Clear,0,Good,16,604,39,Medium
Kolkata,2025-06-15,3,Sunday,1,14.4,12.2,84,Clouds,1,Moderate,83,24,71,Low
Patna,2025-03-08,3,Saturday,1,38.2,21.4,29,Thunderstorm,1,Poor,24,20,77,Low
Muzaffarpur,2025-06-04,3,Wednesday,0,17.6,9.3,76,Clouds,0,Moderate,49,161,66,Low
Samastipur,2025-09-02,12,Tuesday,0,17.8,2.6,89,Fog,0,Moderate,107,215,56,Low
Jaipur,2025-07-22,0,Tuesday,0,37.4,23.7,79,Clouds,1,Good,115,170,58,Low
Kolkata,2025-04-19,0,Saturday,1,38.7,9.7,51,Thunderstorm,1,Moderate,47,44,74,Low
Samastipur,2025-11-03,16,Monday,0,31.2,6.6,19,Rain,0,Poor,100,429,42,Medium
Samastipur,2025-07-03,22,Thursday,0,14.1,6.4,19,Clouds,1,Good,53,89,70,Low
Jaipur,2025-04-07,15,Monday,0,33.2,18.7,24,Rain,0,Moderate,76,489,41,Medium
Samastipur,2025-10-01,0,Wednesday,0,40.1,18.4,65,Rain,1,Good,117,165,58,Low
Muzaffarpur,2025-06-07,17,Saturday,1,14.7,23.3,58,Clouds,1,Good,74,635,31,Medium
Samastipur,2025-04-03,17,Thursday,0,26.3,22.3,26,Fog,1,Good,72,689,28,High
Samastipur,2025-02-02,4,Sunday,1,17.6,23.9,72,Fog,1,Moderate,34,117,70,Low
Muzaffarpur,2025-06-04,15,Wednesday,0,38.3,17.7,94,Clear,1,Good,111,290,50,Low
Samastipur,2025-09-14,15,Sunday,1,17.1,13.9,95,Thunderstorm,0,Good,63,326,53,Medium
Jaipur,2025-11-05,5,Wednesday,0,24.5,5.2,66,Clouds,1,Moderate,24,20,77,Low
Kolkata,2025-11-07,4,Friday,0,22.8,22.4,56,Rain,1,Good,104,204,57,Low
Muzaffarpur,2025-06-23,21,Monday,0,20.6,18.2,33,Clouds,0,Moderate,80,510,38,Medium
Jaipur,2025-04-20,7,Sunday,1,16.6,4.2,67,Fog,1,Good,41,468,45,Medium
Jaipur,2025-07-09,15,Wednesday,0,35.5,8.7,13,Fog,1,Good,19,242,63,Low
Kolkata,2025-11-01,16,Saturday,1,41.8,3.9,21,Rain,0,Moderate,91,491,39,Medium
Jaipur,2025-12-18,15,Thursday,0,21.5,6.0,22,Thunderstorm,1,Good,50,315,54,Medium
Samastipur,2025-04-30,1,Wednesday,0,18.2,8.9,13,Clouds,0,Moderate,118,55,66,Low
Muzaffarpur,2025-04-26,22,Saturday,1,37.0,7.2,39,Clear,0,Moderate,111,97,63,Low
Jaipur,2025-10-24,21,Friday,0,31.9,10.4,73,Rain,1,Moderate,97,688,26,High
Samastipur,2025-01-07,7,Tuesday,0,30.4,12.7,82,Thunderstorm,1,Moderate,83,596,33,Medium
Patna,2025-01-29,18,Wednesday,0,36.5,21.3,36,Fog,1,Good,61,739,25,High
Jaipur,2025-12-16,5,Tuesday,0,32.6,19.6,82,Clouds,1,Moderate,43,148,67,Low
Muzaffarpur,2025-03-08,20,Saturday,1,39.1,4.2,48,Thunderstorm,0,Moderate,31,351,54,Medium
Samastipur,2025-05-04,14,Sunday,1,15.6,16.4,32,Clouds,0,Good,48,287,57,Low
Muzaffarpur,2025-10-17,21,Friday,0,39.3,20.2,1,Clouds,1,Good,95,387,46,Medium
Patna,2025-07-15,22,Tuesday,0,40.8,23.7,6,Clouds,0,Good,97,163,61,Low
Muzaffarpur,2025-10-11,22,Saturday,1,23.0,14.4,86,Fog,0,Good,92,60,67,Low
Muzaffarpur,2025-03-25,11,Tuesday,0,34.1,21.0,54,Clouds,1,Moderate,81,414,45,Medium
Muzaffarpur,2025-03-14,19,Friday,0,41.7,19.3,89,Clear,1,Good,80,273,54,Low
Patna,2025-10-07,7,Tuesday,0,21.7,18.3,83,Thunderstorm,1,Moderate,33,814,23,High
Samastipur,2025-03-11,16,Tuesday,0,16.6,12.6,67,Fog,1,Good,91,276,53,Low
Samastipur,2025-01-27,23,Monday,0,40.7,23.9,33,Fog,0,Good,18,44,77,Low
Patna,2025-11-25,21,Tuesday,0,16.5,15.8,91,Fog,0,Moderate,85,553,36,Medium
Jaipur,2025-02-22,5,Saturday,1,35.1,18.4,44,Thunderstorm,0,Good,52,166,64,Low
Patna,2025-12-06,0,Saturday,1,21.2,4.9,20,Clouds,0,Good,55,163,65,Low
Jaipur,2025-09-27,11,Saturday,1,31.4,0.5,96,Fog,1,Moderate,38,228,62,Low
Kolkata,2025-01-06,15,Monday,0,37.2,8.7,41,Rain,1,Moderate,40,488,44,Medium
Jaipur,2025-03-04,19,Tuesday,0,36.7,20.4,51,Rain,0,Good,72,874,15,High
Kolkata,2025-09-01,2,Monday,0,30.3,9.0,43,Thunderstorm,1,Poor,77,100,67,Low
Muzaffarpur,2025-09-28,5,Sunday,1,14.9,24.7,66,Clear,0,Good,59,105,68,Low
Jaipur,2025-01-20,14,Monday,0,34.3,13.6,65,Fog,1,Good,33,311,57,Medium
Muzaffarpur,2025-01-16,7,Thursday,0,15.4,18.5,57,Clouds,1,Good,67,311,54,Medium
Muzaffarpur,2025-02-22,22,Saturday,1,27.3,24.7,30,Rain,1,Good,98,197,58,Low
Jaipur,2025-01-06,18,Monday,0,17.5,23.4,50,Clear,0,Good,47,372,52,Medium
Kolkata,2025-07-26,4,Saturday,1,40.1,5.9,51,Clouds,1,Good,86,99,66,Low
Kolkata,2025-02-23,16,Sunday,1,32.9,21.7,28,Clear,0,Poor,113,313,49,Medium
Samastipur,2025-10-20,15,Monday,0,18.5,3.8,81,Fog,0,Good,34,220,63,Low
Jaipur,2025-11-03,0,Monday,0,15.9,23.7,98,Rain,0,Moderate,99,184,59,Low
Patna,2025-10-21,16,Tuesday,0,23.4,20.9,51,Rain,0,Moderate,87,348,49,Medium
Muzaffarpur,2025-12-17,11,Wednesday,0,13.8,8.2,80,Clear,1,Good,11,271,61,Low
Muzaffarpur,2025-04-17,21,Thursday,0,40.7,8.0,12,Rain,1,Good,96,439,42,Medium
Patna,2025-06-10,14,Tuesday,0,35.6,10.3,41,Rain,1,Good,103,491,38,Medium
Patna,2025-01-23,5,Thursday,0,32.8,0.5,27,Clear,1,Moderate,88,38,70,Low
Kolkata,2025-02-18,20,Tuesday,0,19.2,7.6,39,Clouds,1,Good,101,458,40,Medium
Patna,2025-05-11,12,Sunday,1,14.0,22.4,73,Rain,0,Good,114,459,39,Medium
Jaipur,2025-06-21,17,Saturday,1,12.2,21.9,16,Clouds,0,Good,33,514,43,Medium
Patna,2025-02-01,1,Saturday,1,36.5,11.0,49,Thunderstorm,1,Good,93,63,67,Low
Jaipur,2025-01-15,17,Wednesday,0,24.3,14.6,71,Clouds,0,Poor,44,526,41,Medium
Muzaffarpur,2025-07-30,4,Wednesday,0,17.2,7.1,60,Clouds,1,Moderate,108,154,60,Low
Kolkata,2025-06-06,19,Friday,0,19.2,15.7,26,Rain,1,Good,13,433,51,Medium
Muzaffarpur,2025-07-24,13,Thursday,0,15.7,23.1,82,Fog,1,Good,96,430,43,Medium
Kolkata,2025-06-17,19,Tuesday,0,24.7,7.3,94,Clear,0,Moderate,82,650,29,Medium
Samastipur,2025-09-17,23,Wednesday,0,16.1,2.6,85,Fog,1,Moderate,110,61,65,Low
Jaipur,2025-06-22,21,Sunday,1,16.9,23.1,49,Rain,0,Poor,120,452,38,Medium
Patna,2025-01-14,4,Tuesday,0,31.4,15.0,41,Rain,0,Moderate,99,268,54,Low
Patna,2025-06-24,8,Tuesday,0,20.2,23.4,14,Clear,0,Poor,51,549,39,Medium
Muzaffarpur,2025-06-06,6,Friday,0,41.3,21.1,66,Clouds,0,Good,101,171,59,Low
Kolkata,2025-08-31,9,Sunday,1,22.0,13.9,38,Clouds,0,Moderate,49,441,47,Medium
Muzaffarpur,2025-03-03,22,Monday,0,26.8,0.6,98,Clear,1,Good,54,121,67,Low
Jaipur,2025-05-08,12,Thursday,0,28.0,16.7,28,Fog,0,Good,11,183,67,Low
Jaipur,2025-05-01,17,Thursday,0,12.2,1.3,54,Clear,0,Moderate,17,422,51,Medium
Kolkata,2025-09-18,17,Thursday,0,28.4,15.4,73,Clear,0,Moderate,85,861,15,High
Jaipur,2025-03-17,1,Monday,0,27.2,5.9,94,Clouds,1,Good,12,40,77,Low
Samastipur,2025-12-23,19,Tuesday,0,15.6,24.9,91,Rain,0,Good,101,618,29,Medium
Muzaffarpur,2025-01-16,7,Thursday,0,40.2,18.9,77,Rain,1,Moderate,81,657,29,High
Jaipur,2025-11-22,22,Saturday,1,37.8,7.8,78,Clouds,1,Good,21,20,77,Low
Muzaffarpur,2025-10-20,0,Monday,0,39.1,9.0,9,Clouds,0,Good,83,96,66,Low
Muzaffarpur,2025-08-23,6,Saturday,1,26.7,11.7,97,Fog,0,Good,82,87,67,Low
Jaipur,2025-06-22,11,Sunday,1,23.8,20.3,32,Rain,0,Moderate,30,543,41,Medium
Patna,2025-05-07,7,Wednesday,0,37.4,4.0,79,Fog,1,Moderate,38,466,46,Medium
Muzaffarpur,2025-06-30,5,Monday,0,37.3,14.4,95,Rain,0,Poor,73,291,54,Low
Muzaffarpur,2025-05-27,2,Tuesday,0,23.2,8.4,64,Thunderstorm,0,Good,35,55,74,Low
Samastipur,2025-08-30,20,Saturday,1,34.5,22.2,5,Clouds,1,Moderate,48,527,41,Medium
Jaipur,2025-04-17,0,Thursday,0,41.9,21.4,11,Rain,1,Poor,64,147,65,Low
Kolkata,2025-10-18,0,Saturday,1,24.4,10.7,0,Clouds,0,Good,21,87,73,Low
Kolkata,2025-03-02,17,Sunday,1,38.3,13.9,24,Fog,0,Moderate,39,857,20,High
Kolkata,2025-03-01,0,Saturday,1,19.5,8.8,35,Clear,0,Poor,101,105,63,Low
Kolkata,2025-02-26,7,Wednesday,0,35.5,13.9,32,Fog,0,Good,53,681,30,High
Muzaffarpur,2025-11-24,11,Monday,0,14.7,2.8,98,Thunderstorm,1,Good,13,276,61,Low
Samastipur,2025-05-24,10,Saturday,1,25.1,9.3,69,Rain,0,Moderate,85,647,29,Medium
Jaipur,2025-12-06,15,Saturday,1,22.1,12.5,87,Thunderstorm,0,Moderate,45,500,43,Medium
Samastipur,2025-03-16,0,Sunday,1,14.3,11.6,83,Clouds,1,Moderate,79,46,70,Low
Patna,2025-05-30,3,Friday,0,36.7,4.1,57,Clear,1,Moderate,94,138,62,Low
Patna,2025-08-16,4,Saturday,1,27.1,23.8,46,Rain,0,Good,98,240,55,Low
Patna,2025-11-22,1,Saturday,1,25.2,22.0,90,Rain,0,Good,99,208,58,Low
Kolkata,2025-06-17,4,Tuesday,0,39.9,2.3,41,Thunderstorm,0,Moderate,28,164,68,Low
Muzaffarpur,2025-12-19,6,Friday,0,21.9,1.1,68,Rain,1,Poor,101,171,59,Low
Samastipur,2025-02-08,4,Saturday,1,31.1,5.2,98,Rain,0,Good,53,86,70,Low
Jaipur,2025-04-27,6,Sunday,1,34.3,16.2,93,Clear,1,Good,14,44,77,Low
Patna,2025-11-28,2,Friday,0,38.4,7.0,78,Fog,0,Poor,87,48,69,Low
Samastipur,2025-12-18,13,Thursday,0,13.8,10.3,18,Thunderstorm,1,Good,51,196,62,Low
Jaipur,2025-12-19,2,Friday,0,12.2,11.4,37,Fog,1,Moderate,101,87,65,Low
Muzaffarpur,2025-11-20,16,Thursday,0,18.8,23.4,82,Thunderstorm,0,Moderate,23,481,46,Medium
Patna,2025-02-17,6,Monday,0,22.5,9.1,31,Thunderstorm,1,Poor,29,29,77,Low
Samastipur,2025-05-16,10,Friday,0,39.1,11.1,39,Clouds,1,Good,34,398,51,Medium
Kolkata,2025-07-15,12,Tuesday,0,41.9,13.2,64,Fog,1,Good,65,409,47,Medium
Jaipur,2025-09-02,17,Tuesday,0,37.3,20.7,86,Rain,1,Good,88,710,25,High
Jaipur,2025-01-11,5,Saturday,1,34.1,20.8,2,Thunderstorm,1,Good,79,81,68,Low
Jaipur,2025-07-10,2,Thursday,0,14.1,1.1,8,Clear,1,Good,91,20,70,Low
Jaipur,2025-06-29,17,Sunday,1,22.1,5.5,11,Fog,1,Good,104,805,17,High
Kolkata,2025-03-19,13,Wednesday,0,27.4,4.8,73,Rain,1,Poor,63,350,51,Medium
Jaipur,2025-10-27,8,Monday,0,15.0,18.5,62,Clouds,1,Poor,26,481,46,Medium
Kolkata,2025-09-30,9,Tuesday,0,21.1,23.5,66,Clear,1,Good,71,555,36,Medium
Kolkata,2025-03-15,11,Saturday,1,29.4,16.4,97,Fog,1,Good,71,361,49,Medium
Kolkata,2025-12-08,21,Monday,0,26.9,0.6,51,Thunderstorm,1,Poor,30,352,54,Medium
Patna,2025-02-19,17,Wednesday,0,19.5,2.8,76,Rain,1,Moderate,38,442,48,Medium
Jaipur,2025-01-02,6,Thursday,0,20.5,21.0,16,Rain,0,Good,87,280,54,Low
Samastipur,2025-10-22,2,Wednesday,0,15.0,3.3,64,Rain,1,Good,53,66,71,Low
Muzaffarpur,2025-12-24,18,Wednesday,0,18.0,8.1,56,Clear,1,Moderate,32,664,33,High
Muzaffarpur,2025-07-30,3,Wednesday,0,29.8,23.9,100,Thunderstorm,1,Poor,104,20,69,Low
Kolkata,2025-10-02,9,Thursday,0,13.5,8.3,91,Clouds,0,Moderate,30,877,19,High
Patna,2025-11-05,16,Wednesday,0,21.4,12.1,63,Rain,0,Moderate,103,497,37,Medium
Jaipur,2025-05-04,14,Sunday,1,34.2,8.8,13,Clouds,0,Moderate,82,189,60,Low
Kolkata,2025-03-22,4,Saturday,1,18.1,8.6,58,Fog,1,Good,23,68,74,Low
Samastipur,2025-11-06,4,Thursday,0,30.5,16.2,15,Fog,1,Good,66,42,72,Low
Kolkata,2025-05-02,13,Friday,0,19.2,6.3,61,Clear,0,Good,28,217,64,Low
Patna,2025-08-05,10,Tuesday,0,37.1,10.1,77,Clear,0,Good,21,571,40,Medium
Patna,2025-04-14,0,Monday,0,24.3,22.3,49,Thunderstorm,0,Good,33,93,71,Low
Jaipur,2025-12-02,13,Tuesday,0,23.5,11.0,32,Clouds,1,Good,30,242,61,Low
Patna,2025-03-22,20,Saturday,1,32.3,22.3,82,Clouds,0,Good,102,574,32,Medium
Kolkata,2025-05-08,22,Thursday,0,41.9,10.9,6,Clear,1,Moderate,66,126,66,Low
Patna,2025-05-02,5,Friday,0,14.1,5.7,91,Rain,0,Good,97,286,52,Low
Samastipur,2025-08-19,12,Tuesday,0,28.3,17.4,31,Clouds,1,Good,74,231,58,Low
Jaipur,2025-04-01,10,Tuesday,0,24.6,6.2,26,Clear,0,Moderate,28,785,26,High
Kolkata,2025-06-17,8,Tuesday,0,14.6,10.6,36,Rain,0,Good,108,762,20,High
Jaipur,2025-06-26,18,Thursday,0,29.2,17.7,49,Clouds,1,Moderate,17,741,30,High
Muzaffarpur,2025-05-06,8,Tuesday,0,24.1,23.5,2,Rain,0,Good,118,564,32,Medium
Patna,2025-11-12,21,Wednesday,0,31.6,13.7,35,Thunderstorm,0,Moderate,54,381,50,Medium
Jaipur,2025-06-01,9,Sunday,1,17.9,2.7,66,Clouds,0,Moderate,63,432,46,Medium
Patna,2025-10-25,1,Saturday,1,40.9,0.6,84,Clouds,1,Good,24,102,72,Low
Muzaffarpur,2025-12-27,19,Saturday,1,17.8,7.3,53,Thunderstorm,0,Good,65,525,39,Medium
Kolkata,2025-06-11,23,Wednesday,0,34.2,16.8,15,Fog,0,Moderate,49,102,70,Low
Kolkata,2025-05-30,10,Friday,0,41.7,13.1,84,Clouds,0,Good,44,600,36,Medium
Muzaffarpur,2025-11-28,2,Friday,0,41.6,5.9,3,Thunderstorm,0,Moderate,22,33,76,Low
Samastipur,2025-12-29,20,Monday,0,13.7,14.0,53,Thunderstorm,0,Poor,77,663,29,High
Kolkata,2025-03-26,20,Wednesday,0,36.7,1.8,47,Clear,1,Good,44,458,46,Medium
Muzaffarpur,2025-09-23,22,Tuesday,0,22.7,18.5,26,Thunderstorm,1,Good,67,177,63,Low
Jaipur,2025-04-05,11,Saturday,1,34.0,1.1,77,Thunderstorm,1,Good,70,432,45,Medium
Patna,2025-07-29,20,Tuesday,0,23.9,5.1,21,Thunderstorm,0,Moderate,102,680,25,High
Kolkata,2025-08-14,7,Thursday,0,40.0,0.5,95,Fog,1,Moderate,95,528,36,Medium
Samastipur,2025-04-04,3,Friday,0,27.7,2.9,38,Thunderstorm,0,Moderate,100,61,66,Low
Samastipur,2025-04-18,17,Friday,0,34.1,12.0,8,Rain,1,Good,118,648,26,Medium
Muzaffarpur,2025-01-19,12,Sunday,1,22.1,1.5,45,Rain,1,Poor,55,275,57,Low
Samastipur,2025-04-13,5,Sunday,1,15.9,22.3,62,Thunderstorm,1,Good,98,20,70,Low
Jaipur,2025-02-05,1,Wednesday,0,25.8,7.6,61,Clear,1,Moderate,13,59,76,Low
Kolkata,2025-04-16,11,Wednesday,0,28.7,19.7,41,Fog,0,Moderate,73,151,63,Low
Samastipur,2025-03-10,22,Monday,0,24.2,11.1,14,Rain,1,Moderate,87,138,63,Low
Samastipur,2025-03-12,16,Wednesday,0,20.1,17.1,73,Fog,0,Good,27,245,62,Low
Muzaffarpur,2025-01-17,3,Friday,0,12.1,23.9,49,Clouds,0,Moderate,55,170,64,Low
Jaipur,2025-12-06,23,Saturday,1,39.6,22.2,24,Rain,0,Good,41,271,58,Low
Patna,2025-05-28,4,Wednesday,0,32.1,7.3,22,Thunderstorm,1,Good,91,20,70,Low
Muzaffarpur,2025-01-29,11,Wednesday,0,35.0,2.5,86,Thunderstorm,1,Moderate,97,188,59,Low
Samastipur,2025-10-13,9,Monday,0,35.5,8.1,67,Rain,1,Moderate,46,601,36,Medium
Kolkata,2025-10-31,6,Friday,0,15.3,6.3,23,Thunderstorm,0,Moderate,69,145,65,Low
Samastipur,2025-12-03,2,Wednesday,0,35.6,16.3,24,Fog,0,Poor,61,31,72,Low
Samastipur,2025-03-24,22,Monday,0,20.0,5.9,66,Thunderstorm,0,Moderate,93,200,58,Low
Kolkata,2025-07-01,17,Tuesday,0,38.6,2.3,53,Rain,0,Good,62,794,22,High
Patna,2025-02-13,6,Thursday,0,12.7,22.0,38,Fog,1,Poor,73,78,68,Low
Patna,2025-10-06,10,Monday,0,41.3,1.6,90,Clouds,1,Moderate,49,803,23,High
Kolkata,2025-06-13,9,Friday,0,34.7,23.5,84,Fog,1,Poor,81,563,35,Medium
Muzaffarpur,2025-02-22,7,Saturday,1,21.4,8.4,85,Fog,1,Moderate,104,435,41,Medium
Kolkata,2025-08-15,19,Friday,0,35.0,17.7,99,Rain,1,Moderate,87,951,10,High
Jaipur,2025-02-28,4,Friday,0,36.3,13.7,85,Thunderstorm,1,Good,33,20,76,Low
Patna,2025-07-07,2,Monday,0,20.1,21.5,85,Fog,1,Good,33,20,76,Low
Jaipur,2025-06-18,14,Wednesday,0,13.4,12.3,63,Rain,0,Good,60,598,35,Medium
Jaipur,2025-02-05,5,Wednesday,0,31.4,13.4,91,Thunderstorm,1,Good,80,23,71,Low
Patna,2025-09-11,16,Thursday,0,32.7,5.9,79,Rain,0,Moderate,20,505,45,Medium
Muzaffarpur,2025-12-05,21,Friday,0,24.4,6.8,24,Clear,0,Moderate,34,867,20,High
Jaipur,2025-06-25,21,Wednesday,0,24.6,4.9,16,Thunderstorm,1,Good,56,855,18,High
Patna,2025-09-26,0,Friday,0,13.9,23.4,20,Rain,1,Good,90,135,62,Low
Jaipur,2025-11-21,23,Friday,0,22.9,4.8,24,Rain,1,Good,43,240,60,Low
Samastipur,2025-12-05,0,Friday,0,17.6,22.0,7,Clouds,1,Moderate,24,71,74,Low
Jaipur,2025-10-26,5,Sunday,1,14.8,0.5,73,Fog,1,Moderate,108,121,62,Low
Kolkata,2025-04-17,7,Thursday,0,32.9,3.4,27,Rain,1,Good,65,899,15,High
Jaipur,2025-05-17,4,Saturday,1,14.5,23.7,42,Clear,1,Good,73,127,65,Low
Kolkata,2025-12-30,17,Tuesday,0,35.7,17.1,91,Thunderstorm,0,Good,58,506,42,Medium
Samastipur,2025-12-30,13,Tuesday,0,31.0,3.0,54,Thunderstorm,1,Good,37,434,49,Medium
Jaipur,2025-12-07,22,Sunday,1,21.1,5.5,29,Clear,0,Good,99,141,62,Low
Muzaffarpur,2025-04-12,15,Saturday,1,29.8,24.2,77,Clear,1,Good,99,403,45,Medium
Kolkata,2025-07-15,18,Tuesday,0,24.8,17.7,44,Fog,1,Moderate,34,853,21,High
Kolkata,2025-10-18,18,Saturday,1,20.2,13.8,17,Clouds,0,Good,15,759,29,High
Muzaffarpur,2025-03-12,18,Wednesday,0,12.7,18.5,84,Clouds,1,Good,75,586,34,Medium
Patna,2025-06-11,14,Wednesday,0,23.1,8.5,27,Thunderstorm,1,Good,84,308,52,Medium
Muzaffarpur,2025-06-02,15,Monday,0,13.2,4.3,88,Clouds,0,Moderate,34,268,60,Low
Muzaffarpur,2025-04-23,9,Wednesday,0,27.6,0.8,56,Thunderstorm,0,Good,58,703,29,High
Muzaffarpur,2025-09-04,14,Thursday,0,39.0,19.2,72,Thunderstorm,1,Good,17,155,69,Low
Samastipur,2025-08-02,8,Saturday,1,19.1,24.2,8,Fog,1,Moderate,99,426,43,Medium
Samastipur,2025-12-05,23,Friday,0,21.3,14.9,53,Fog,0,Moderate,45,125,68,Low
Samastipur,2025-04-21,22,Monday,0,40.2,9.3,54,Clouds,1,Good,29,153,68,Low
Jaipur,2025-07-02,6,Wednesday,0,25.0,10.4,13,Thunderstorm,1,Good,116,85,64,Low
Jaipur,2025-04-28,12,Monday,0,26.0,20.3,17,Clouds,1,Moderate,28,229,63,Low
Kolkata,2025-03-07,9,Friday,0,28.9,6.0,35,Clear,0,Moderate,47,415,49,Medium
Kolkata,2025-03-12,9,Wednesday,0,27.0,2.4,37,Clear,1,Good,42,713,29,High
Jaipur,2025-05-15,10,Thursday,0,37.8,23.2,58,Fog,0,Poor,76,621,32,Medium
Samastipur,2025-02-10,21,Monday,0,30.4,10.5,10,Thunderstorm,1,Moderate,16,400,53,Medium
Muzaffarpur,2025-05-11,4,Sunday,1,34.8,15.8,3,Thunderstorm,1,Moderate,119,20,68,Low
Patna,2025-02-13,7,Thursday,0,19.4,1.2,88,Clear,1,Good,95,538,36,Medium
Kolkata,2025-03-19,22,Wednesday,0,16.6,13.4,3,Rain,1,Moderate,80,143,63,Low
Kolkata,2025-02-10,18,Monday,0,39.7,7.9,79,Rain,1,Poor,16,437,50,Medium
Patna,2025-09-29,13,Monday,0,41.8,16.2,3,Clouds,0,Poor,111,469,38,Medium
Muzaffarpur,2025-07-08,22,Tuesday,0,25.6,14.4,65,Clouds,0,Good,93,198,58,Low
Samastipur,2025-03-30,17,Sunday,1,31.9,2.5,29,Thunderstorm,1,Poor,65,662,30,High
Kolkata,2025-04-23,20,Wednesday,0,28.4,7.6,96,Clear,0,Good,20,683,33,High
Jaipur,2025-12-23,18,Tuesday,0,18.2,17.5,95,Fog,0,Moderate,41,476,45,Medium
Jaipur,2025-03-10,16,Monday,0,37.1,0.6,0,Fog,1,Good,43,175,65,Low
Jaipur,2025-01-13,9,Monday,0,12.7,1.6,78,Fog,0,Good,64,723,26,High
Jaipur,2025-05-07,4,Wednesday,0,27.6,17.5,25,Thunderstorm,0,Moderate,115,137,60,Low
Patna,2025-02-10,20,Monday,0,40.2,4.7,80,Clouds,0,Moderate,119,435,40,Medium
Kolkata,2025-05-21,5,Wednesday,0,24.8,10.3,72,Rain,1,Moderate,25,192,66,Low
Jaipur,2025-08-01,1,Friday,0,30.2,11.0,68,Rain,0,Good,58,140,66,Low
Muzaffarpur,2025-05-27,13,Tuesday,0,26.9,13.9,15,Fog,0,Moderate,20,351,55,Medium
Jaipur,2025-01-23,14,Thursday,0,33.1,23.2,69,Clouds,0,Good,62,322,53,Medium
Kolkata,2025-10-03,7,Friday,0,37.2,8.5,87,Fog,1,Moderate,115,319,48,Medium
Jaipur,2025-06-27,0,Friday,0,17.9,23.1,45,Clear,1,Moderate,41,50,73,Low
Jaipur,2025-12-25,16,Thursday,0,23.5,7.6,62,Fog,0,Good,61,276,56,Low
Muzaffarpur,2025-09-18,2,Thursday,0,20.0,21.5,58,Fog,0,Moderate,31,36,75,Low
Patna,2025-07-12,10,Saturday,1,25.6,3.5,40,Thunderstorm,1,Moderate,49,770,25,High
Kolkata,2025-11-03,23,Monday,0,41.6,13.3,60,Rain,1,Good,55,196,62,Low
Muzaffarpur,2025-01-26,18,Sunday,1,20.6,8.0,57,Fog,0,Good,115,703,23,High
Kolkata,2025-01-26,21,Sunday,1,26.2,10.5,60,Clear,0,Good,65,610,34,Medium
Samastipur,2025-04-21,15,Monday,0,16.7,18.0,43,Clear,0,Moderate,89,377,47,Medium
Kolkata,2025-06-20,15,Friday,0,40.6,10.7,24,Fog,1,Good,110,146,60,Low
Kolkata,2025-01-11,0,Saturday,1,41.0,18.5,49,Fog,1,Poor,19,84,74,Low
Kolkata,2025-03-09,1,Sunday,1,34.9,10.9,72,Clear,0,Moderate,91,139,62,Low
Kolkata,2025-05-20,7,Tuesday,0,37.6,9.4,43,Rain,1,Good,32,496,44,Medium
Muzaffarpur,2025-05-14,20,Wednesday,0,38.9,9.5,81,Clouds,1,Good,89,397,46,Medium
Jaipur,2025-10-11,6,Saturday,1,25.1,17.8,56,Clouds,1,Good,59,48,72,Low
Patna,2025-10-07,19,Tuesday,0,21.4,8.1,0,Clouds,1,Moderate,39,687,32,High
Kolkata,2025-07-08,12,Tuesday,0,33.3,6.7,55,Clouds,1,Good,25,289,59,Low
Muzaffarpur,2025-04-18,4,Friday,0,26.1,15.3,93,Fog,1,Good,62,26,73,Low
Muzaffarpur,2025-06-23,17,Monday,0,31.3,18.1,29,Clouds,0,Moderate,39,716,30,High
Patna,2025-08-13,0,Wednesday,0,33.6,23.3,89,Rain,0,Poor,78,280,55,Low
Kolkata,2025-03-20,15,Thursday,0,16.9,2.9,37,Clouds,1,Good,101,121,62,Low
Kolkata,2025-09-07,18,Sunday,1,12.0,17.6,100,Clouds,1,Good,55,782,23,High
Samastipur,2025-06-03,4,Tuesday,0,28.7,6.2,48,Fog,0,Moderate,75,162,63,Low
Samastipur,2025-10-03,8,Friday,0,39.8,20.3,57,Rain,1,Good,12,684,34,High
Kolkata,2025-07-05,6,Saturday,1,14.1,21.9,73,Rain,0,Poor,14,165,68,Low
Jaipur,2025-05-16,4,Friday,0,29.9,12.6,13,Fog,0,Moderate,71,73,69,Low
Samastipur,2025-05-13,8,Tuesday,0,36.2,12.6,98,Clouds,1,Good,80,354,49,Medium
Kolkata,2025-02-18,23,Tuesday,0,37.5,23.3,32,Clouds,1,Moderate,53,56,72,Low
Samastipur,2025-08-04,13,Monday,0,25.4,6.5,68,Clouds,0,Good,93,451,41,Medium
Muzaffarpur,2025-08-08,0,Friday,0,25.3,5.2,11,Rain,1,Good,82,179,61,Low
Patna,2025-09-15,23,Monday,0,26.0,5.6,93,Clear,1,Good,52,91,69,Low
Jaipur,2025-03-15,7,Saturday,1,32.4,0.2,63,Thunderstorm,0,Moderate,112,388,44,Medium
Samastipur,2025-05-04,2,Sunday,1,14.2,2.0,4,Thunderstorm,1,Good,59,37,73,Low
Samastipur,2025-06-24,7,Tuesday,0,34.7,17.0,62,Rain,1,Moderate,107,673,26,High
Patna,2025-01-24,14,Friday,0,34.4,5.2,91,Rain,0,Moderate,45,243,60,Low
Patna,2025-11-19,23,Wednesday,0,22.0,15.5,17,Clear,0,Moderate,61,156,64,Low
Samastipur,2025-06-12,18,Thursday,0,28.9,24.1,1,Thunderstorm,0,Moderate,68,411,47,Medium
Samastipur,2025-04-01,21,Tuesday,0,26.4,15.1,78,Fog,0,Moderate,16,378,54,Medium
Kolkata,2025-04-01,11,Tuesday,0,32.5,21.3,97,Fog,0,Poor,105,219,56,Low
Muzaffarpur,2025-04-23,13,Wednesday,0,20.0,6.1,62,Rain,0,Good,79,551,37,Medium
Samastipur,2025-06-28,2,Saturday,1,31.9,16.8,25,Rain,1,Moderate,90,239,56,Low
Samastipur,2025-06-05,14,Thursday,0,18.2,2.2,71,Rain,0,Moderate,53,368,51,Medium
Samastipur,2025-10-09,20,Thursday,0,22.2,4.0,40,Clear,1,Good,68,708,27,High
Kolkata,2025-02-20,18,Thursday,0,27.3,17.2,1,Thunderstorm,0,Moderate,108,465,39,Medium
Jaipur,2025-04-11,14,Friday,0,35.9,17.9,34,Fog,0,Good,48,196,63,Low
Kolkata,2025-02-20,12,Thursday,0,28.0,21.1,17,Clouds,1,Good,51,325,54,Medium
Patna,2025-08-04,19,Monday,0,27.7,21.5,74,Clear,1,Poor,106,511,36,Medium
Samastipur,2025-01-14,12,Tuesday,0,30.6,8.6,99,Clouds,1,Moderate,10,408,52,Medium
Samastipur,2025-09-13,19,Saturday,1,12.1,13.5,66,Clear,1,Moderate,50,382,50,Medium
Samastipur,2025-12-17,17,Wednesday,0,14.8,14.5,94,Rain,1,Moderate,31,638,35,Medium
Muzaffarpur,2025-12-13,9,Saturday,1,26.7,13.1,85,Clouds,1,Moderate,102,432,42,Medium
Patna,2025-03-11,3,Tuesday,0,41.3,19.5,10,Clouds,1,Moderate,96,20,70,Low
Samastipur,2025-04-25,13,Friday,0,17.0,8.3,90,Clouds,0,Poor,50,446,46,Medium
Jaipur,2025-11-09,4,Sunday,1,20.8,1.7,42,Fog,1,Good,69,119,67,Low
Samastipur,2025-10-17,3,Friday,0,28.2,16.0,48,Fog,1,Good,70,20,72,Low
Jaipur,2025-09-13,5,Saturday,1,32.3,23.4,53,Thunderstorm,0,Moderate,94,34,69,Low
Kolkata,2025-09-26,3,Friday,0,37.4,24.1,72,Rain,0,Good,101,181,58,Low
Samastipur,2025-10-25,20,Saturday,1,17.4,3.0,0,Thunderstorm,1,Good,40,461,46,Medium
Jaipur,2025-12-28,3,Sunday,1,23.4,7.9,45,Clouds,0,Poor,111,32,67,Low
Jaipur,2025-06-10,23,Tuesday,0,36.3,15.2,91,Clear,1,Good,60,44,72,Low
Muzaffarpur,2025-09-17,23,Wednesday,0,18.1,17.8,35,Fog,0,Good,56,110,68,Low
Muzaffarpur,2025-06-13,14,Friday,0,31.4,5.1,25,Clear,0,Good,28,320,57,Medium
Samastipur,2025-02-18,15,Tuesday,0,22.6,24.7,43,Rain,0,Moderate,55,479,44,Medium
Samastipur,2025-12-20,3,Saturday,1,19.0,13.9,38,Thunderstorm,1,Good,26,81,73,Low
Patna,2025-08-08,17,Friday,0,12.4,22.3,56,Fog,0,Moderate,61,539,39,Medium
Patna,2025-10-05,14,Sunday,1,35.0,14.2,26,Fog,1,Moderate,68,140,65,Low
Muzaffarpur,2025-03-20,12,Thursday,0,27.6,9.1,33,Rain,1,Good,12,347,56,Medium
Samastipur,2025-10-09,18,Thursday,0,16.3,17.8,39,Clouds,1,Moderate,103,409,43,Medium
Muzaffarpur,2025-09-19,19,Friday,0,33.8,0.9,97,Clear,0,Poor,20,446,49,Medium
Jaipur,2025-11-05,3,Wednesday,0,28.9,7.6,32,Thunderstorm,0,Moderate,27,116,71,Low
Kolkata,2025-09-29,9,Monday,0,26.4,15.6,92,Rain,0,Moderate,104,686,25,High
Kolkata,2025-09-09,5,Tuesday,0,27.0,6.6,31,Rain,0,Good,113,242,53,Low
Samastipur,2025-08-17,23,Sunday,1,28.2,24.4,59,Fog,0,Moderate,115,77,64,Low
Jaipur,2025-09-16,17,Tuesday,0,34.2,5.8,10,Thunderstorm,1,Good,93,338,49,Medium
Samastipur,2025-09-20,1,Saturday,1,26.2,13.4,46,Thunderstorm,1,Good,19,50,76,Low
Jaipur,2025-03-09,17,Sunday,1,28.0,23.0,59,Rain,1,Good,15,506,46,Medium
Samastipur,2025-07-11,6,Friday,0,14.1,4.6,2,Fog,0,Good,32,102,71,Low
Samastipur,2025-04-30,17,Wednesday,0,36.6,4.4,23,Clouds,1,Good,105,634,28,Medium
Jaipur,2025-09-10,6,Wednesday,0,32.1,19.1,47,Clear,1,Moderate,38,20,76,Low
Kolkata,2025-10-21,2,Tuesday,0,27.5,2.9,81,Clear,0,Good,48,100,70,Low
Jaipur,2025-03-24,6,Monday,0,38.5,7.5,57,Clouds,1,Good,65,20,73,Low
Patna,2025-04-28,12,Monday,0,19.9,23.3,7,Thunderstorm,0,Good,30,279,59,Low
Samastipur,2025-10-17,3,Friday,0,34.7,7.0,55,Rain,1,Poor,14,76,74,Low
Jaipur,2025-10-09,2,Thursday,0,14.1,9.6,4,Clear,1,Moderate,62,20,73,Low
Muzaffarpur,2025-05-28,10,Wednesday,0,17.0,10.9,75,Fog,1,Moderate,56,600,35,Medium
Muzaffarpur,2025-01-31,3,Friday,0,40.4,2.8,51,Thunderstorm,1,Poor,63,20,73,Low
Muzaffarpur,2025-04-17,10,Thursday,0,40.5,21.9,36,Fog,1,Poor,71,727,25,High
Jaipur,2025-11-21,7,Friday,0,28.1,19.5,27,Clear,1,Good,14,802,26,High
Samastipur,2025-10-29,22,Wednesday,0,18.8,15.4,49,Rain,1,Moderate,31,58,74,Low
Jaipur,2025-04-10,20,Thursday,0,27.5,17.2,0,Fog,1,Good,51,366,51,Medium
Muzaffarpur,2025-05-04,7,Sunday,1,15.7,21.1,83,Clouds,0,Good,31,490,45,Medium
Muzaffarpur,2025-10-24,22,Friday,0,38.3,17.0,42,Clouds,0,Moderate,18,43,77,Low
Muzaffarpur,2025-08-30,17,Saturday,1,37.8,8.5,47,Clear,1,Good,98,594,32,Medium
Muzaffarpur,2025-01-05,22,Sunday,1,17.2,11.0,59,Rain,0,Moderate,34,241,61,Low
Jaipur,2025-03-26,10,Wednesday,0,25.7,3.9,20,Thunderstorm,1,Good,88,408,45,Medium
Muzaffarpur,2025-09-25,22,Thursday,0,23.8,5.5,22,Thunderstorm,0,Good,92,80,66,Low
Muzaffarpur,2025-11-22,4,Saturday,1,35.0,22.7,83,Clear,0,Good,21,46,75,Low
Kolkata,2025-09-27,14,Saturday,1,39.8,2.0,45,Thunderstorm,1,Good,52,314,55,Medium
Muzaffarpur,2025-11-30,12,Sunday,1,18.1,17.0,56,Thunderstorm,1,Moderate,64,186,62,Low
Kolkata,2025-02-11,3,Tuesday,0,24.7,4.2,76,Clear,1,Good,77,20,72,Low
Samastipur,2025-03-01,13,Saturday,1,25.2,24.2,50,Fog,0,Good,76,387,48,Medium
Kolkata,2025-05-25,7,Sunday,1,26.9,5.6,18,Clear,1,Good,62,467,43,Medium
Samastipur,2025-11-01,11,Saturday,1,28.2,19.7,78,Clouds,1,Poor,82,288,53,Low
Samastipur,2025-06-28,7,Saturday,1,15.7,13.9,43,Clear,0,Moderate,85,545,36,Medium
Samastipur,2025-10-06,8,Monday,0,38.8,15.5,15,Clouds,1,Good,85,277,54,Low
Muzaffarpur,2025-11-12,3,Wednesday,0,15.2,5.1,80,Rain,1,Moderate,27,118,71,Low
Samastipur,2025-12-24,12,Wednesday,0,22.9,2.7,29,Fog,1,Good,43,207,63,Low
Patna,2025-07-16,17,Wednesday,0,13.7,4.5,19,Rain,0,Moderate,98,658,28,High
Samastipur,2025-04-09,16,Wednesday,0,33.4,5.0,25,Clear,1,Moderate,55,206,62,Low
Samastipur,2025-07-08,1,Tuesday,0,33.6,18.8,49,Clear,0,Moderate,103,65,66,Low
Kolkata,2025-02-26,4,Wednesday,0,16.9,18.7,45,Clear,0,Good,75,116,66,Low
Samastipur,2025-06-02,11,Monday,0,18.9,9.9,56,Thunderstorm,0,Good,75,246,57,Low
Kolkata,2025-07-13,22,Sunday,1,18.1,2.4,4,Clouds,0,Moderate,90,135,62,Low
Patna,2025-07-29,14,Tuesday,0,32.3,20.1,97,Fog,1,Moderate,38,245,61,Low
Kolkata,2025-07-13,21,Sunday,1,21.5,4.0,78,Clear,1,Moderate,35,332,55,Medium
Samastipur,2025-02-10,10,Monday,0,31.6,9.4,2,Clear,1,Poor,110,557,32,Medium
Patna,2025-05-12,5,Monday,0,29.7,11.6,91,Clear,1,Moderate,90,89,66,Low
Jaipur,2025-07-12,13,Saturday,1,40.1,24.9,18,Thunderstorm,1,Good,62,281,56,Low
Muzaffarpur,2025-11-25,22,Tuesday,0,39.9,22.1,0,Thunderstorm,1,Good,63,40,72,Low
Muzaffarpur,2025-02-03,20,Monday,0,21.4,9.7,22,Fog,1,Moderate,110,556,32,Medium
Samastipur,2025-02-02,13,Sunday,1,27.4,16.7,17,Clouds,1,Moderate,20,236,63,Low
Jaipur,2025-10-02,19,Thursday,0,24.5,20.2,4,Clouds,0,Good,56,795,22,High
Kolkata,2025-09-24,17,Wednesday,0,16.2,12.8,26,Thunderstorm,1,Good,55,353,52,Medium
Samastipur,2025-03-02,8,Sunday,1,21.0,14.1,100,Fog,1,Good,83,643,30,Medium
Kolkata,2025-08-29,7,Friday,0,24.9,20.3,22,Thunderstorm,1,Poor,39,561,40,Medium
Samastipur,2025-07-26,4,Saturday,1,14.2,1.2,83,Clear,0,Moderate,58,129,67,Low
Muzaffarpur,2025-10-16,11,Thursday,0,38.6,9.8,25,Rain,1,Good,23,358,55,Medium
Kolkata,2025-02-03,13,Monday,0,24.1,24.5,24,Thunderstorm,0,Good,21,466,47,Medium
Patna,2025-07-27,8,Sunday,1,19.8,3.3,8,Fog,1,Good,31,644,35,Medium
Muzaffarpur,2025-12-11,2,Thursday,0,16.9,0.2,64,Clouds,1,Good,101,102,64,Low
Samastipur,2025-09-14,5,Sunday,1,14.6,1.9,66,Rain,0,Moderate,77,170,62,Low
Patna,2025-12-16,18,Tuesday,0,20.9,6.3,46,Rain,1,Good,87,799,19,High
Muzaffarpur,2025-11-26,8,Wednesday,0,20.2,0.3,45,Thunderstorm,1,Moderate,113,608,29,Medium
Samastipur,2025-09-13,23,Saturday,1,18.1,9.4,39,Thunderstorm,1,Moderate,16,37,77,Low
Jaipur,2025-04-26,12,Saturday,1,18.9,17.9,76,Rain,0,Good,30,306,57,Medium
Kolkata,2025-12-10,3,Wednesday,0,19.2,0.9,99,Fog,0,Good,27,43,76,Low
Kolkata,2025-07-26,1,Saturday,1,34.8,20.2,18,Thunderstorm,0,Good,17,101,73,Low
Muzaffarpur,2025-10-29,8,Wednesday,0,13.5,15.7,44,Thunderstorm,1,Poor,49,444,47,Medium
Samastipur,2025-04-24,4,Thursday,0,32.9,14.1,0,Thunderstorm,1,Good,16,115,72,Low
Kolkata,2025-08-21,7,Thursday,0,33.0,5.7,16,Fog,0,Moderate,30,708,30,High
Kolkata,2025-12-02,20,Tuesday,0,34.5,4.2,3,Clear,0,Good,92,702,25,High
Patna,2025-10-01,23,Wednesday,0,40.7,14.8,92,Thunderstorm,0,Moderate,116,95,63,Low
Jaipur,2025-09-25,14,Thursday,0,36.2,0.9,97,Clouds,0,Good,26,308,58,Medium
Patna,2025-01-19,7,Sunday,1,16.8,18.3,92,Clouds,0,Poor,112,460,39,Medium
Kolkata,2025-01-24,0,Friday,0,40.2,16.5,50,Rain,0,Moderate,119,99,63,Low
Jaipur,2025-11-01,12,Saturday,1,16.9,11.0,62,Thunderstorm,1,Moderate,51,400,49,Medium
Samastipur,2025-07-01,20,Tuesday,0,39.9,17.4,10,Thunderstorm,0,Good,35,732,29,High
Muzaffarpur,2025-03-21,12,Friday,0,18.1,21.9,51,Clear,1,Moderate,27,194,66,Low
Samastipur,2025-12-23,21,Tuesday,0,19.6,5.1,33,Fog,0,Good,67,678,29,High
Samastipur,2025-03-12,6,Wednesday,0,40.5,10.4,58,Clouds,1,Good,94,20,70,Low
Samastipur,2025-05-08,10,Thursday,0,41.4,15.9,95,Fog,0,Moderate,27,898,19,High
Kolkata,2025-06-10,4,Tuesday,0,20.0,5.4,61,Clear,0,Good,94,187,59,Low
Samastipur,2025-08-05,13,Tuesday,0,22.5,16.8,83,Clear,0,Good,110,424,41,Medium
Jaipur,2025-12-12,20,Friday,0,30.1,10.2,50,Thunderstorm,1,Good,48,756,26,High
Samastipur,2025-12-12,9,Friday,0,12.0,15.1,64,Clear,0,Good,64,623,33,Medium
Kolkata,2025-07-15,6,Tuesday,0,30.6,14.3,25,Thunderstorm,0,Good,99,85,66,Low
Patna,2025-03-13,13,Thursday,0,28.7,19.5,59,Rain,0,Good,117,515,35,Medium
Muzaffarpur,2025-03-11,13,Tuesday,0,33.2,6.0,100,Rain,1,Good,111,264,52,Low
Samastipur,2025-08-13,1,Wednesday,0,26.0,1.7,95,Clouds,0,Good,51,165,64,Low
Jaipur,2025-11-19,3,Wednesday,0,29.8,1.8,48,Thunderstorm,0,Good,109,71,66,Low
Jaipur,2025-07-07,9,Monday,0,28.8,21.7,69,Thunderstorm,0,Poor,92,564,34,Medium
Patna,2025-05-01,4,Thursday,0,13.4,24.9,52,Clouds,0,Moderate,37,112,70,Low
Jaipur,2025-06-03,22,Tuesday,0,17.3,24.1,47,Fog,0,Good,80,62,68,Low
Jaipur,2025-04-07,15,Monday,0,22.5,6.0,43,Thunderstorm,0,Good,100,460,40,Medium
Jaipur,2025-11-27,15,Thursday,0,22.1,5.8,3,Thunderstorm,1,Poor,89,256,55,Low
Jaipur,2025-12-08,6,Monday,0,34.9,16.7,18,Clouds,0,Poor,33,176,66,Low
Jaipur,2025-11-02,14,Sunday,1,40.9,16.1,40,Rain,0,Good,55,349,52,Medium
Muzaffarpur,2025-02-18,10,Tuesday,0,28.2,6.0,61,Fog,1,Good,105,398,44,Medium
Patna,2025-11-15,1,Saturday,1,20.6,21.0,82,Thunderstorm,0,Moderate,116,110,62,Low
Samastipur,2025-10-03,7,Friday,0,27.5,24.4,38,Clouds,0,Poor,74,635,31,Medium
Jaipur,2025-12-02,4,Tuesday,0,37.7,18.9,57,Clear,0,Moderate,14,45,76,Low
Muzaffarpur,2025-02-26,19,Wednesday,0,19.8,20.1,51,Clouds,0,Moderate,65,458,44,Medium
Muzaffarpur,2025-10-04,6,Saturday,1,40.2,4.0,80,Thunderstorm,1,Good,109,154,60,Low
Patna,2025-08-29,19,Friday,0,20.0,16.1,80,Rain,0,Good,72,629,32,Medium
Jaipur,2025-05-03,15,Saturday,1,30.5,2.8,49,Rain,1,Good,64,473,43,Medium
Jaipur,2025-06-28,16,Saturday,1,29.1,5.1,65,Thunderstorm,1,Good,18,117,72,Low
Jaipur,2025-03-02,1,Sunday,1,23.9,17.4,66,Clear,1,Good,45,29,75,Low
Muzaffarpur,2025-02-17,22,Monday,0,20.1,0.3,24,Clear,1,Good,84,20,71,Low
Samastipur,2025-12-03,20,Wednesday,0,28.8,14.0,16,Clouds,1,Moderate,92,797,18,High
Patna,2025-07-12,12,Saturday,1,17.5,13.3,17,Clear,1,Moderate,117,291,50,Low
Muzaffarpur,2025-06-17,19,Tuesday,0,30.2,10.3,45,Rain,1,Good,10,833,24,High
Jaipur,2025-08-09,4,Saturday,1,13.8,12.4,9,Rain,0,Moderate,107,239,55,Low
Samastipur,2025-08-24,23,Sunday,1,32.9,6.1,59,Rain,1,Moderate,17,93,73,Low
Muzaffarpur,2025-04-04,22,Friday,0,18.2,24.8,26,Clear,1,Good,60,98,68,Low
Muzaffarpur,2025-04-05,0,Saturday,1,18.5,2.8,83,Rain,0,Moderate,13,121,71,Low
Jaipur,2025-11-24,12,Monday,0,24.5,3.5,3,Thunderstorm,0,Moderate,30,177,66,Low
Samastipur,2025-11-25,1,Tuesday,0,21.1,17.7,25,Clouds,1,Good,113,72,65,Low
Jaipur,2025-01-01,4,Wednesday,0,40.2,17.3,84,Rain,1,Poor,30,174,66,Low
Muzaffarpur,2025-08-04,1,Monday,0,29.9,10.4,81,Rain,1,Good,28,214,64,Low
Patna,2025-07-08,20,Tuesday,0,39.5,1.3,45,Thunderstorm,1,Good,92,484,39,Medium
Jaipur,2025-02-23,16,Sunday,1,34.5,8.5,75,Clouds,1,Good,15,378,54,Medium
Muzaffarpur,2025-09-30,11,Tuesday,0,12.6,16.0,62,Fog,0,Good,74,233,58,Low
Jaipur,2025-01-21,21,Tuesday,0,14.0,3.5,37,Clear,0,Poor,67,427,46,Medium
Muzaffarpur,2025-07-17,3,Thursday,0,21.5,7.8,62,Clear,0,Good,80,86,67,Low
Kolkata,2025-06-02,20,Monday,0,34.4,9.7,57,Clouds,1,Good,60,798,21,High
Muzaffarpur,2025-05-17,15,Saturday,1,34.7,14.8,43,Clear,1,Moderate,41,172,65,Low
Patna,2025-11-19,10,Wednesday,0,16.3,11.0,24,Rain,1,Good,104,717,23,High
Kolkata,2025-12-13,2,Saturday,1,33.4,2.9,75,Clouds,0,Poor,71,136,64,Low
Samastipur,2025-07-31,21,Thursday,0,18.1,24.3,2,Rain,0,Good,62,665,30,High
Muzaffarpur,2025-06-26,14,Thursday,0,15.9,0.4,51,Thunderstorm,1,Good,103,331,48,Medium
Kolkata,2025-09-23,4,Tuesday,0,25.2,17.0,69,Rain,0,Poor,33,300,57,Low
Samastipur,2025-03-15,21,Saturday,1,20.0,8.1,77,Thunderstorm,1,Moderate,110,719,22,High
Samastipur,2025-09-15,21,Monday,0,39.2,7.4,70,Clouds,1,Good,65,829,19,High
Patna,2025-06-18,10,Wednesday,0,40.7,7.5,38,Clouds,1,Poor,106,591,31,Medium
Muzaffarpur,2025-03-17,17,Monday,0,34.7,5.0,21,Fog,1,Poor,51,744,26,High
Samastipur,2025-07-06,1,Sunday,1,29.7,8.7,13,Clouds,0,Moderate,112,178,58,Low
Jaipur,2025-02-24,8,Monday,0,34.3,2.8,87,Clouds,1,Moderate,118,661,25,High
Jaipur,2025-03-22,1,Saturday,1,12.9,24.8,98,Clouds,1,Good,23,20,77,Low
Kolkata,2025-12-29,16,Monday,0,40.3,0.4,24,Clouds,0,Poor,28,467,47,Medium
Patna,2025-05-08,5,Thursday,0,24.0,1.1,87,Thunderstorm,0,Good,63,193,62,Low
Kolkata,2025-05-08,0,Thursday,0,35.5,14.8,98,Rain,0,Moderate,72,168,62,Low
Muzaffarpur,2025-10-06,6,Monday,0,28.0,15.9,77,Fog,0,Poor,89,41,70,Low
Jaipur,2025-11-24,11,Monday,0,38.5,19.5,54,Clouds,1,Moderate,98,316,50,Medium
Kolkata,2025-12-13,3,Saturday,1,25.9,12.4,42,Fog,0,Moderate,87,134,64,Low
Muzaffarpur,2025-05-20,9,Tuesday,0,15.2,20.6,61,Clouds,0,Good,99,855,14,High
Patna,2025-12-03,18,Wednesday,0,24.3,6.9,43,Thunderstorm,0,Poor,15,743,30,High
Patna,2025-02-24,1,Monday,0,34.8,18.0,62,Fog,0,Good,108,65,66,Low
Patna,2025-10-26,8,Sunday,1,26.6,7.2,69,Rain,1,Good,111,613,29,Medium
Muzaffarpur,2025-06-06,13,Friday,0,40.4,1.4,8,Clear,0,Good,27,379,53,Medium
Patna,2025-07-11,0,Friday,0,20.2,5.2,88,Clear,1,Good,46,75,71,Low
Kolkata,2025-02-08,0,Saturday,1,15.3,24.2,81,Thunderstorm,0,Moderate,90,69,67,Low
Patna,2025-11-15,1,Saturday,1,36.3,10.7,51,Clouds,0,Moderate,109,163,60,Low
Muzaffarpur,2025-01-30,11,Thursday,0,34.9,1.8,9,Rain,1,Moderate,38,530,42,Medium
Kolkata,2025-08-18,20,Monday,0,16.1,0.2,65,Rain,0,Good,73,1021,10,High
Patna,2025-08-24,0,Sunday,1,25.4,21.3,52,Thunderstorm,0,Moderate,67,66,70,Low
Kolkata,2025-01-02,0,Thursday,0,13.6,21.3,92,Thunderstorm,1,Moderate,93,78,66,Low
Patna,2025-04-06,18,Sunday,1,26.0,20.3,85,Clear,1,Poor,94,494,39,Medium
Kolkata,2025-08-27,17,Wednesday,0,20.8,6.3,83,Clear,1,Moderate,10,470,48,Medium
Muzaffarpur,2025-10-23,18,Thursday,0,41.9,19.8,74,Fog,0,Poor,17,445,50,Medium
Jaipur,2025-12-14,15,Sunday,1,41.4,23.8,51,Thunderstorm,1,Moderate,25,410,51,Medium
Muzaffarpur,2025-02-27,6,Thursday,0,32.9,7.4,49,Clear,1,Moderate,17,28,78,Low
Kolkata,2025-08-20,5,Wednesday,0,13.2,24.7,15,Fog,1,Poor,45,46,73,Low
Samastipur,2025-07-15,19,Tuesday,0,18.3,23.2,94,Fog,1,Moderate,78,592,34,Medium
Samastipur,2025-06-20,10,Friday,0,30.0,18.1,8,Clear,1,Good,46,447,47,Medium
Jaipur,2025-07-18,18,Friday,0,32.7,16.1,13,Clouds,1,Moderate,15,689,34,High
Samastipur,2025-12-07,0,Sunday,1,39.6,0.9,43,Fog,0,Good,65,170,63,Low
Patna,2025-05-26,12,Monday,0,22.3,4.1,30,Clouds,0,Moderate,106,474,39,Medium
Jaipur,2025-06-12,20,Thursday,0,41.0,6.8,18,Clouds,0,Good,13,886,20,High
Jaipur,2025-12-23,0,Tuesday,0,12.0,9.5,94,Fog,1,Good,10,53,76,Low
Muzaffarpur,2025-08-13,13,Wednesday,0,17.1,13.1,63,Fog,1,Good,115,406,42,Medium
Kolkata,2025-12-01,20,Monday,0,29.8,13.7,98,Clear,0,Poor,40,609,36,Medium
Patna,2025-12-29,9,Monday,0,28.5,9.6,85,Clouds,1,Moderate,72,767,22,High
Kolkata,2025-11-17,12,Monday,0,40.3,16.4,6,Clouds,1,Good,101,173,59,Low
Patna,2025-09-04,18,Thursday,0,19.7,13.2,43,Thunderstorm,0,Good,75,646,30,Medium
Jaipur,2025-01-23,12,Thursday,0,37.9,13.5,45,Clear,1,Moderate,69,182,62,Low
Samastipur,2025-10-08,5,Wednesday,0,13.4,22.0,8,Clouds,1,Moderate,99,20,70,Low
Patna,2025-10-21,8,Tuesday,0,33.2,5.4,83,Fog,0,Good,89,726,24,High
Muzaffarpur,2025-12-19,11,Friday,0,30.8,0.8,98,Fog,1,Good,86,141,63,Low
Kolkata,2025-06-29,23,Sunday,1,23.0,1.6,0,Clear,0,Moderate,97,151,61,Low
Samastipur,2025-04-09,13,Wednesday,0,29.3,21.2,59,Thunderstorm,0,Moderate,70,237,58,Low
Muzaffarpur,2025-02-22,22,Saturday,1,28.0,4.2,45,Thunderstorm,1,Moderate,114,130,61,Low
Patna,2025-09-22,20,Monday,0,22.0,7.5,95,Thunderstorm,1,Good,76,282,55,Low
Muzaffarpur,2025-09-27,19,Saturday,1,30.3,0.1,45,Clear,1,Good,21,486,46,Medium
Jaipur,2025-02-10,1,Monday,0,30.9,14.6,83,Fog,0,Good,67,112,67,Low
Samastipur,2025-12-18,6,Thursday,0,32.8,17.6,87,Thunderstorm,0,Moderate,50,99,69,Low
Jaipur,2025-01-27,7,Monday,0,28.5,22.8,31,Fog,1,Good,115,799,16,High
Jaipur,2025-01-26,6,Sunday,1,36.1,10.7,32,Rain,0,Good,119,272,51,Low
Muzaffarpur,2025-07-09,2,Wednesday,0,27.8,8.1,4,Fog,0,Good,57,108,68,Low
Patna,2025-08-27,16,Wednesday,0,41.7,5.3,82,Clear,0,Good,19,449,50,Medium
Patna,2025-01-23,21,Thursday,0,24.4,1.0,24,Clouds,1,Good,12,786,27,High
Kolkata,2025-06-03,1,Tuesday,0,12.2,12.6,61,Fog,1,Good,15,20,78,Low
Samastipur,2025-04-06,5,Sunday,1,31.5,24.3,74,Clear,1,Moderate,71,147,64,Low
Samastipur,2025-03-22,1,Saturday,1,33.9,18.1,82,Thunderstorm,1,Poor,10,95,73,Low
Patna,2025-08-02,5,Saturday,1,12.2,0.0,13,Rain,1,Good,10,194,67,Low
Samastipur,2025-03-13,18,Thursday,0,28.5,18.4,11,Fog,0,Good,33,386,52,Medium
Samastipur,2025-11-08,21,Saturday,1,32.5,22.5,77,Thunderstorm,0,Moderate,34,820,23,High
Samastipur,2025-01-01,1,Wednesday,0,31.8,4.1,45,Rain,1,Poor,96,151,61,Low
Jaipur,2025-10-15,4,Wednesday,0,13.9,8.4,34,Thunderstorm,0,Good,86,68,68,Low
Kolkata,2025-07-07,19,Monday,0,13.3,22.6,88,Rain,0,Good,21,771,27,High
Samastipur,2025-05-12,9,Monday,0,32.6,3.8,85,Clouds,0,Poor,43,706,29,High
Muzaffarpur,2025-03-18,19,Tuesday,0,13.2,12.0,49,Clear,0,Good,80,897,13,High
Kolkata,2025-12-26,0,Friday,0,18.7,0.3,26,Thunderstorm,0,Good,112,192,57,Low
Kolkata,2025-05-27,15,Tuesday,0,32.3,1.1,77,Clouds,1,Poor,68,255,57,Low
Patna,2025-05-25,19,Sunday,1,13.3,0.8,76,Clear,0,Moderate,23,886,19,High
Patna,2025-05-15,5,Thursday,0,31.5,19.1,70,Thunderstorm,0,Good,86,122,64,Low
Kolkata,2025-04-18,10,Friday,0,17.3,13.9,14,Rain,1,Moderate,72,874,15,High
Jaipur,2025-08-03,12,Sunday,1,38.9,5.4,53,Clouds,1,Moderate,63,98,68,Low
Samastipur,2025-09-14,22,Sunday,1,32.2,23.8,94,Clouds,1,Moderate,33,157,67,Low
Muzaffarpur,2025-06-12,0,Thursday,0,14.1,9.7,37,Thunderstorm,0,Good,52,53,72,Low
Samastipur,2025-09-26,1,Friday,0,31.1,25.0,16,Fog,0,Poor,61,119,67,Low
Kolkata,2025-10-01,7,Wednesday,0,20.9,15.6,55,Rain,1,Good,63,452,44,Medium
Muzaffarpur,2025-06-23,16,Monday,0,16.3,13.0,90,Clouds,1,Good,88,214,58,Low
Kolkata,2025-03-15,10,Saturday,1,26.0,4.1,81,Fog,1,Good,16,647,36,Medium
Muzaffarpur,2025-09-13,5,Saturday,1,13.6,20.1,1,Clear,1,Poor,107,85,65,Low
Samastipur,2025-04-18,19,Friday,0,39.5,7.8,82,Fog,1,Good,95,621,30,Medium
Muzaffarpur,2025-12-15,18,Monday,0,21.2,16.8,70,Thunderstorm,1,Good,29,679,33,High
Kolkata,2025-08-12,19,Tuesday,0,23.1,19.5,14,Thunderstorm,0,Good,65,494,42,Medium
Patna,2025-06-19,13,Thursday,0,36.4,23.9,79,Thunderstorm,0,Moderate,100,486,38,Medium
Muzaffarpur,2025-04-09,15,Wednesday,0,32.5,11.2,32,Thunderstorm,0,Moderate,77,385,48,Medium
Muzaffarpur,2025-10-13,12,Monday,0,19.7,13.5,21,Rain,1,Poor,14,337,57,Medium
Patna,2025-02-18,15,Tuesday,0,28.4,0.3,27,Fog,0,Good,101,162,60,Low
Samastipur,2025-04-26,13,Saturday,1,16.2,18.6,8,Clear,1,Moderate,46,365,52,Medium
Kolkata,2025-04-19,16,Saturday,1,14.8,16.6,56,Fog,1,Good,72,245,57,Low
Jaipur,2025-01-08,12,Wednesday,0,41.4,6.5,48,Clouds,1,Good,51,285,56,Low
Muzaffarpur,2025-02-27,3,Thursday,0,32.7,12.2,83,Thunderstorm,0,Poor,71,200,60,Low
Muzaffarpur,2025-09-14,21,Sunday,1,37.6,16.5,31,Rain,1,Moderate,73,729,25,High
Jaipur,2025-06-30,17,Monday,0,19.4,11.5,28,Clouds,1,Good,97,564,34,Medium
Jaipur,2025-11-02,15,Sunday,1,30.2,14.2,69,Thunderstorm,1,Good,82,335,50,Medium
Jaipur,2025-10-09,10,Thursday,0,15.2,1.3,38,Thunderstorm,1,Good,116,499,36,Medium
Muzaffarpur,2025-03-30,17,Sunday,1,14.3,24.2,76,Thunderstorm,0,Moderate,12,827,24,High
Jaipur,2025-12-29,17,Monday,0,21.9,20.4,9,Thunderstorm,1,Good,117,662,25,High
Jaipur,2025-11-10,12,Monday,0,41.5,15.3,50,Clouds,0,Poor,53,151,65,Low
Samastipur,2025-05-20,8,Tuesday,0,29.9,22.3,15,Fog,1,Good,31,573,39,Medium
Kolkata,2025-11-18,16,Tuesday,0,13.4,7.9,43,Clouds,1,Good,59,287,56,Low
Samastipur,2025-01-04,21,Saturday,1,25.5,8.8,100,Clear,0,Good,84,528,37,Medium
Jaipur,2025-12-21,15,Sunday,1,18.7,6.3,29,Fog,0,Poor,65,371,50,Medium
Patna,2025-07-01,0,Tuesday,0,31.7,14.1,85,Clear,1,Moderate,89,112,65,Low
Kolkata,2025-10-25,18,Saturday,1,37.7,16.5,23,Rain,0,Good,68,536,39,Medium
Muzaffarpur,2025-01-14,23,Tuesday,0,32.7,21.4,28,Rain,0,Good,19,327,58,Medium
Samastipur,2025-05-08,16,Thursday,0,36.2,2.8,84,Fog,0,Moderate,87,288,53,Low
Samastipur,2025-08-28,21,Thursday,0,39.7,23.4,86,Thunderstorm,1,Moderate,84,833,17,High
Patna,2025-08-14,23,Thursday,0,30.2,13.5,22,Rain,1,Moderate,25,125,70,Low
Samastipur,2025-11-08,17,Saturday,1,32.1,0.8,94,Thunderstorm,1,Good,39,391,51,Medium
Jaipur,2025-08-23,0,Saturday,1,39.8,24.7,5,Rain,1,Moderate,75,186,61,Low
Kolkata,2025-06-04,5,Wednesday,0,21.2,19.2,38,Clear,0,Moderate,32,188,65,Low
Muzaffarpur,2025-01-12,13,Sunday,1,20.4,22.9,100,Rain,1,Good,48,449,47,Medium
Kolkata,2025-12-22,4,Monday,0,38.5,24.9,46,Fog,0,Good,49,75,71,Low
Patna,2025-11-18,18,Tuesday,0,38.5,2.2,89,Fog,0,Moderate,28,481,46,Medium
Samastipur,2025-06-03,17,Tuesday,0,18.7,24.1,49,Fog,1,Good,43,515,42,Medium
Kolkata,2025-11-03,7,Monday,0,12.9,8.8,33,Fog,0,Good,13,588,40,Medium
Muzaffarpur,2025-03-20,19,Thursday,0,38.3,20.4,23,Fog,0,Moderate,24,590,39,Medium
Kolkata,2025-11-30,6,Sunday,1,16.1,13.1,13,Clouds,0,Moderate,59,68,71,Low
Jaipur,2025-08-27,21,Wednesday,0,36.0,11.5,98,Clear,1,Moderate,48,402,50,Medium
Muzaffarpur,2025-03-08,13,Saturday,1,31.7,9.1,56,Fog,0,Moderate,13,241,63,Low
Patna,2025-01-22,12,Wednesday,0,34.3,19.8,7,Clouds,1,Moderate,60,325,53,Medium
Jaipur,2025-09-12,2,Friday,0,22.5,8.5,23,Thunderstorm,0,Moderate,92,170,60,Low
Samastipur,2025-12-14,2,Sunday,1,34.7,9.0,85,Clouds,1,Good,77,21,72,Low
Patna,2025-12-14,0,Sunday,1,34.3,1.6,11,Clear,1,Good,115,20,68,Low
Kolkata,2025-12-04,22,Thursday,0,21.8,12.6,10,Thunderstorm,1,Moderate,97,153,61,Low
Samastipur,2025-11-13,17,Thursday,0,27.3,17.5,88,Clouds,1,Moderate,46,505,43,Medium
Jaipur,2025-11-21,11,Friday,0,15.1,16.3,80,Clouds,0,Poor,116,360,45,Medium
Samastipur,2025-07-19,9,Saturday,1,29.5,4.4,49,Clouds,1,Moderate,116,785,17,High
Kolkata,2025-02-22,10,Saturday,1,23.6,16.7,34,Clear,1,Good,120,334,46,Medium
Muzaffarpur,2025-10-07,19,Tuesday,0,31.7,4.8,59,Fog,0,Poor,56,376,50,Medium
Patna,2025-03-19,15,Wednesday,0,12.4,4.5,65,Clouds,0,Good,104,426,42,Medium
Jaipur,2025-01-19,19,Sunday,1,24.6,2.7,68,Thunderstorm,0,Good,81,395,46,Medium
Muzaffarpur,2025-08-20,21,Wednesday,0,23.8,5.9,13,Clouds,0,Good,45,556,39,Medium
Jaipur,2025-06-04,11,Wednesday,0,17.9,18.8,75,Fog,0,Moderate,84,157,62,Low
Jaipur,2025-11-15,22,Saturday,1,38.6,11.9,87,Thunderstorm,0,Moderate,112,49,66,Low
Samastipur,2025-05-12,23,Monday,0,23.7,8.6,73,Rain,1,Moderate,50,171,64,Low
Muzaffarpur,2025-04-15,4,Tuesday,0,14.0,22.5,87,Thunderstorm,0,Good,61,105,67,Low
Samastipur,2025-07-06,8,Sunday,1,28.6,4.9,44,Clouds,1,Moderate,58,447,46,Medium
Jaipur,2025-05-29,4,Thursday,0,26.5,2.6,81,Fog,0,Moderate,75,196,60,Low
Jaipur,2025-02-03,2,Monday,0,33.8,16.6,26,Clouds,0,Good,84,53,69,Low
Jaipur,2025-07-23,11,Wednesday,0,28.8,18.7,71,Rain,1,Moderate,29,288,59,Low
Jaipur,2025-03-22,19,Saturday,1,40.9,14.3,36,Clear,0,Good,45,375,51,Medium
Patna,2025-02-13,22,Thursday,0,18.6,22.3,74,Fog,0,Good,70,55,70,Low
Kolkata,2025-08-12,0,Tuesday,0,17.7,19.7,37,Clouds,0,Poor,119,137,60,Low
Kolkata,2025-01-02,8,Thursday,0,30.2,11.3,46,Clear,0,Good,60,828,19,High
Jaipur,2025-02-11,15,Tuesday,0,27.0,11.2,78,Thunderstorm,1,Good,43,185,64,Low
Samastipur,2025-10-05,4,Sunday,1,38.3,11.7,33,Fog,1,Moderate,21,171,67,Low
Samastipur,2025-07-23,23,Wednesday,0,20.5,1.4,32,Clouds,0,Moderate,10,132,71,Low
Jaipur,2025-04-05,2,Saturday,1,38.5,14.2,96,Thunderstorm,0,Good,26,114,71,Low
Muzaffarpur,2025-10-01,6,Wednesday,0,39.4,22.1,42,Thunderstorm,1,Good,61,76,69,Low
Samastipur,2025-02-25,1,Tuesday,0,30.2,4.1,32,Clear,0,Moderate,62,142,65,Low
Jaipur,2025-11-23,15,Sunday,1,40.6,21.5,59,Fog,0,Moderate,25,313,58,Medium
Kolkata,2025-04-13,17,Sunday,1,31.9,17.6,58,Rain,0,Good,116,633,27,Medium
Muzaffarpur,2025-01-10,15,Friday,0,12.6,19.4,44,Clear,1,Good,37,319,56,Medium
Samastipur,2025-08-04,19,Monday,0,40.2,11.2,91,Thunderstorm,1,Good,95,572,33,Medium
Patna,2025-11-18,9,Tuesday,0,41.2,18.4,80,Thunderstorm,1,Moderate,72,478,42,Medium
Kolkata,2025-05-27,12,Tuesday,0,36.1,12.2,42,Fog,0,Moderate,53,466,44,Medium
Kolkata,2025-04-08,10,Tuesday,0,39.7,17.2,83,Clear,0,Moderate,59,415,48,Medium
Patna,2025-11-16,2,Sunday,1,13.7,13.4,19,Clear,0,Good,36,133,69,Low
Kolkata,2025-01-23,23,Thursday,0,30.8,3.3,97,Rain,0,Good,105,227,55,Low
Jaipur,2025-11-20,0,Thursday,0,30.2,0.2,44,Clear,0,Good,108,102,64,Low
Samastipur,2025-03-26,12,Wednesday,0,40.3,1.6,93,Fog,1,Poor,34,106,70,Low
Patna,2025-05-05,12,Monday,0,25.0,24.4,42,Rain,0,Moderate,113,360,45,Medium
Patna,2025-02-28,5,Friday,0,38.8,20.9,4,Clouds,1,Poor,14,97,73,Low
Samastipur,2025-07-17,7,Thursday,0,17.4,19.5,4,Thunderstorm,1,Good,30,613,37,Medium
Kolkata,2025-07-03,21,Thursday,0,39.8,6.1,73,Thunderstorm,0,Good,21,393,52,Medium
Samastipur,2025-04-10,11,Thursday,0,34.0,24.9,22,Fog,1,Good,36,166,66,Low
Samastipur,2025-03-14,2,Friday,0,18.8,22.7,95,Rain,1,Moderate,91,140,62,Low
Kolkata,2025-10-10,17,Friday,0,35.8,0.7,36,Fog,0,Moderate,80,687,27,High
Muzaffarpur,2025-01-09,18,Thursday,0,41.7,22.7,56,Thunderstorm,0,Good,14,493,47,Medium
Kolkata,2025-09-21,9,Sunday,1,25.4,19.6,20,Thunderstorm,1,Moderate,41,459,46,Medium
Kolkata,2025-08-07,12,Thursday,0,30.3,11.0,71,Thunderstorm,1,Moderate,19,348,56,Medium
Patna,2025-01-24,13,Friday,0,22.1,1.9,31,Clear,0,Moderate,49,373,52,Medium
Patna,2025-12-24,20,Wednesday,0,28.8,8.4,45,Thunderstorm,1,Good,28,748,29,High
Samastipur,2025-08-02,23,Saturday,1,13.3,13.7,78,Thunderstorm,0,Poor,21,96,72,Low
Kolkata,2025-08-10,12,Sunday,1,38.5,4.3,89,Clear,1,Poor,105,199,57,Low
Samastipur,2025-03-11,12,Tuesday,0,39.3,14.6,63,Thunderstorm,0,Moderate,22,492,46,Medium
Muzaffarpur,2025-09-14,16,Sunday,1,21.7,0.9,30,Fog,0,Moderate,84,357,49,Medium
Kolkata,2025-10-07,11,Tuesday,0,24.3,8.8,83,Rain,1,Poor,56,289,56,Low
Muzaffarpur,2025-01-15,10,Wednesday,0,33.1,8.8,30,Rain,0,Good,74,960,10,High
Patna,2025-05-06,12,Tuesday,0,36.8,8.9,68,Thunderstorm,0,Good,116,271,51,Low
Patna,2025-12-11,18,Thursday,0,24.6,6.8,51,Thunderstorm,1,Good,119,366,45,Medium
Samastipur,2025-05-13,5,Tuesday,0,15.5,14.2,12,Fog,0,Good,61,189,62,Low
Patna,2025-08-07,4,Thursday,0,24.6,3.2,63,Fog,1,Moderate,101,74,66,Low
Samastipur,2025-09-01,15,Monday,0,28.2,22.9,54,Clear,0,Good,23,459,48,Medium
Samastipur,2025-10-02,5,Thursday,0,14.9,16.1,22,Thunderstorm,1,Good,38,20,76,Low
Patna,2025-10-22,5,Wednesday,0,21.3,19.2,19,Thunderstorm,1,Moderate,119,107,62,Low
Patna,2025-12-24,13,Wednesday,0,38.2,17.7,59,Clouds,0,Good,109,388,45,Medium
Samastipur,2025-10-20,13,Monday,0,30.3,16.8,7,Fog,1,Poor,37,201,64,Low
Jaipur,2025-08-08,2,Friday,0,32.7,20.7,91,Clear,1,Good,65,20,73,Low
Kolkata,2025-06-15,16,Sunday,1,12.8,6.6,44,Thunderstorm,1,Good,98,247,55,Low
Patna,2025-08-14,14,Thursday,0,17.0,22.9,33,Clear,1,Poor,103,141,61,Low
Jaipur,2025-10-31,12,Friday,0,39.3,12.8,44,Rain,0,Good,103,517,36,Medium
Muzaffarpur,2025-12-19,4,Friday,0,37.0,10.7,94,Thunderstorm,0,Good,47,117,69,Low
Samastipur,2025-08-15,1,Friday,0,27.0,13.7,16,Clouds,0,Good,105,185,58,Low
Muzaffarpur,2025-04-07,13,Monday,0,37.9,5.9,55,Clear,0,Poor,66,447,45,Medium
Patna,2025-09-26,11,Friday,0,14.5,6.9,83,Rain,0,Poor,57,314,55,Medium
Jaipur,2025-11-01,6,Saturday,1,24.7,11.3,31,Clear,1,Moderate,83,20,71,Low
Samastipur,2025-03-06,4,Thursday,0,18.0,21.8,1,Thunderstorm,1,Poor,53,20,74,Low
Muzaffarpur,2025-04-27,14,Sunday,1,38.8,19.5,42,Rain,0,Moderate,70,448,44,Medium
Samastipur,2025-03-31,2,Monday,0,39.0,17.6,11,Rain,0,Moderate,83,199,59,Low
Patna,2025-03-11,3,Tuesday,0,41.8,19.9,48,Clear,0,Good,79,56,70,Low
Muzaffarpur,2025-08-08,17,Friday,0,33.8,17.0,92,Fog,1,Good,68,644,32,Medium
Jaipur,2025-10-15,17,Wednesday,0,39.2,16.8,9,Thunderstorm,1,Moderate,71,715,26,High
Kolkata,2025-01-24,15,Friday,0,19.5,7.2,64,Clear,1,Moderate,77,411,46,Medium
Muzaffarpur,2025-03-12,19,Wednesday,0,30.0,14.9,43,Clouds,1,Good,95,803,18,High
Muzaffarpur,2025-12-11,0,Thursday,0,38.9,11.1,87,Thunderstorm,1,Good,52,78,70,Low
Kolkata,2025-03-27,15,Thursday,0,39.1,2.9,55,Thunderstorm,1,Moderate,108,394,44,Medium
Samastipur,2025-06-18,14,Wednesday,0,16.1,4.0,49,Clear,0,Poor,59,456,45,Medium
Muzaffarpur,2025-01-26,15,Sunday,1,13.1,19.5,50,Fog,0,Good,70,187,61,Low
Jaipur,2025-10-29,0,Wednesday,0,18.9,0.1,19,Clear,1,Good,120,63,64,Low
Kolkata,2025-12-25,9,Thursday,0,31.8,14.5,32,Rain,1,Good,71,427,45,Medium
Jaipur,2025-03-09,20,Sunday,1,35.0,24.0,42,Clear,1,Good,29,833,23,High
Kolkata,2025-10-10,3,Friday,0,40.5,14.0,53,Rain,0,Moderate,80,203,59,Low
Kolkata,2025-06-20,8,Friday,0,36.7,10.4,55,Clear,0,Poor,100,383,45,Medium
Jaipur,2025-11-23,0,Sunday,1,17.0,3.6,83,Rain,0,Poor,69,176,63,Low
Jaipur,2025-12-26,18,Friday,0,40.6,17.9,76,Clear,0,Good,43,481,44,Medium
Muzaffarpur,2025-02-16,15,Sunday,1,22.8,0.6,31,Clouds,0,Moderate,115,262,52,Low
Jaipur,2025-10-27,16,Monday,0,20.3,9.7,95,Clear,1,Good,86,309,52,Medium
Patna,2025-09-16,11,Tuesday,0,18.6,4.3,48,Clouds,1,Moderate,80,350,49,Medium
Samastipur,2025-10-22,12,Wednesday,0,12.2,1.2,29,Rain,0,Good,118,458,39,Medium
Patna,2025-02-19,1,Wednesday,0,41.8,24.6,2,Rain,1,Moderate,38,236,62,Low
Patna,2025-05-20,16,Tuesday,0,35.5,24.2,78,Clear,0,Moderate,61,255,57,Low
Kolkata,2025-02-27,5,Thursday,0,20.2,24.0,26,Thunderstorm,1,Good,18,89,74,Low
Muzaffarpur,2025-03-20,9,Thursday,0,21.8,4.7,0,Clear,0,Moderate,117,728,21,High
Muzaffarpur,2025-10-27,21,Monday,0,41.8,7.7,15,Rain,0,Poor,57,841,19,High
Muzaffarpur,2025-10-22,9,Wednesday,0,18.8,20.8,79,Clouds,1,Moderate,26,589,39,Medium
Patna,2025-07-26,4,Saturday,1,20.1,6.6,88,Thunderstorm,1,Moderate,33,98,71,Low
Jaipur,2025-09-12,20,Friday,0,26.4,11.8,81,Thunderstorm,1,Moderate,101,646,27,Medium
Jaipur,2025-12-19,6,Friday,0,35.3,0.1,47,Clear,1,Moderate,72,151,63,Low
Samastipur,2025-10-29,1,Wednesday,0,21.8,4.1,28,Clear,0,Moderate,59,140,66,Low
Samastipur,2025-10-23,17,Thursday,0,29.4,16.5,6,Rain,0,Moderate,68,776,23,High
Patna,2025-09-20,23,Saturday,1,24.4,6.2,63,Thunderstorm,0,Moderate,13,133,71,Low
Kolkata,2025-10-07,7,Tuesday,0,18.9,12.6,75,Rain,1,Moderate,104,576,32,Medium
Jaipur,2025-03-22,20,Saturday,1,17.7,19.5,64,Clouds,1,Good,105,774,19,High
Muzaffarpur,2025-04-07,12,Monday,0,18.1,13.8,76,Rain,1,Poor,87,544,36,Medium
Samastipur,2025-09-05,17,Friday,0,38.5,16.4,48,Clouds,0,Moderate,82,737,23,High
Jaipur,2025-10-02,4,Thursday,0,41.2,5.8,36,Rain,0,Moderate,61,224,60,Low
Kolkata,2025-01-12,11,Sunday,1,24.3,23.2,70,Fog,1,Moderate,44,385,51,Medium
Muzaffarpur,2025-03-12,22,Wednesday,0,13.1,13.9,28,Thunderstorm,0,Good,15,132,71,Low
Muzaffarpur,2025-08-28,12,Thursday,0,41.3,11.5,7,Rain,1,Good,59,198,62,Low
Patna,2025-11-01,5,Saturday,1,16.1,23.0,21,Thunderstorm,1,Good,40,135,67,Low
Patna,2025-09-18,10,Thursday,0,16.2,17.0,73,Thunderstorm,1,Good,45,667,32,High
Patna,2025-12-05,18,Friday,0,32.1,14.1,44,Clouds,0,Poor,120,880,10,High
Kolkata,2025-10-20,13,Monday,0,41.6,6.1,9,Fog,1,Moderate,81,111,65,Low
Samastipur,2025-12-20,6,Saturday,1,25.3,20.1,99,Clear,0,Good,26,76,73,Low
Kolkata,2025-06-14,12,Saturday,1,21.0,17.7,48,Clouds,1,Good,18,232,64,Low
Jaipur,2025-12-28,5,Sunday,1,18.8,23.6,72,Fog,1,Good,97,48,68,Low
Jaipur,2025-02-12,9,Wednesday,0,25.4,24.2,3,Fog,1,Good,14,688,34,High
Muzaffarpur,2025-10-13,18,Monday,0,28.8,5.0,10,Thunderstorm,0,Moderate,114,416,42,Medium
Kolkata,2025-05-27,4,Tuesday,0,32.3,4.4,13,Thunderstorm,0,Good,20,190,66,Low
Samastipur,2025-09-09,3,Tuesday,0,31.8,9.7,12,Thunderstorm,1,Moderate,105,99,64,Low
Jaipur,2025-12-14,2,Sunday,1,24.5,17.2,87,Clear,0,Good,23,162,68,Low
Kolkata,2025-12-18,15,Thursday,0,13.8,11.1,14,Fog,0,Good,75,230,58,Low
Kolkata,2025-10-13,17,Monday,0,26.5,13.5,71,Fog,0,Good,44,839,21,High
Samastipur,2025-06-01,5,Sunday,1,23.8,9.5,49,Rain,1,Good,33,292,58,Low
Jaipur,2025-07-04,10,Friday,0,29.3,8.3,82,Clear,1,Moderate,89,701,26,High
Samastipur,2025-05-15,17,Thursday,0,25.2,1.3,79,Rain,0,Good,96,484,39,Medium
Samastipur,2025-08-03,7,Sunday,1,36.5,9.9,56,Clear,1,Good,106,655,27,High
Patna,2025-05-31,11,Saturday,1,40.6,16.0,60,Thunderstorm,1,Good,20,394,52,Medium
Patna,2025-10-25,20,Saturday,1,20.3,16.5,75,Rain,1,Good,30,391,51,Medium
Kolkata,2025-03-25,17,Tuesday,0,34.0,24.9,84,Clouds,0,Moderate,117,546,33,Medium
Samastipur,2025-06-19,18,Thursday,0,37.7,6.8,85,Clear,1,Moderate,75,610,33,Medium
Kolkata,2025-01-21,21,Tuesday,0,25.2,22.5,40,Thunderstorm,0,Good,21,701,32,High
Samastipur,2025-06-27,4,Friday,0,17.9,11.9,38,Fog,0,Poor,72,100,67,Low
Muzaffarpur,2025-10-10,1,Friday,0,19.6,21.1,32,Thunderstorm,1,Poor,18,82,74,Low
Patna,2025-07-01,17,Tuesday,0,23.7,19.0,97,Rain,0,Moderate,73,927,12,High
Jaipur,2025-03-15,1,Saturday,1,29.8,5.4,57,Fog,0,Good,62,128,66,Low
Muzaffarpur,2025-03-11,4,Tuesday,0,39.9,24.9,92,Thunderstorm,0,Poor,69,186,62,Low
Samastipur,2025-01-05,5,Sunday,1,14.1,6.7,99,Fog,0,Moderate,95,186,59,Low
Patna,2025-11-16,20,Sunday,1,16.1,16.8,7,Clear,0,Good,41,356,53,Medium
Kolkata,2025-05-27,20,Tuesday,0,33.3,1.6,68,Clouds,0,Good,98,837,16,High
Jaipur,2025-07-23,22,Wednesday,0,23.1,17.0,64,Rain,1,Moderate,14,192,67,Low
Jaipur,2025-11-01,7,Saturday,1,19.6,9.3,64,Rain,0,Good,66,645,31,Medium
Samastipur,2025-12-18,1,Thursday,0,39.2,1.0,65,Fog,0,Good,69,187,62,Low
Kolkata,2025-07-14,13,Monday,0,19.4,15.4,35,Thunderstorm,1,Good,51,272,57,Low
Kolkata,2025-02-10,15,Monday,0,39.7,15.0,10,Thunderstorm,1,Good,101,376,45,Medium
